rate,sales_in_first_month,sales_in_second_month,sales_in_third_month
-0.03660745384883313,2871.0,2765.9,3884.34
0.4043674753244875,2765.9,3884.34,3746.7
-0.0354345912046835,3884.34,3746.7,8685.03
1.3180478821362802,3746.7,8685.03,8010.09
-0.07771303035222682,8685.03,8010.09,2168.54
-0.7292739532264931,8010.09,2168.54,4708.44
1.1712488586791112,2168.54,4708.44,3965.66
-0.15775501015198234,4708.44,3965.66,2333.12
-0.4116691799095233,3965.66,2333.12,3188.64
0.366684954052942,2333.12,3188.64,3676.76
0.1530809373275128,3188.64,3676.76,4177.35
0.13614976229071252,3676.76,4177.35,4099.68
-0.018593127221803313,4177.35,4099.68,2597.39
-0.36644079537915164,4099.68,2597.39,4394.38
0.6918445054458515,2597.39,4394.38,16492.11
2.7530004232679013,4394.38,16492.11,1451.0
-0.9120185349236696,16492.11,1451.0,733.11
-0.4947553411440386,1451.0,733.11,3207.12
3.374677742767115,733.11,3207.12,2434.56
-0.24088902192621417,3207.12,2434.56,7516.08
0.3338791626423319,5404.62,7209.11,7329.06
0.01663866968322036,7209.11,7329.06,7374.1
0.006145399273576688,7329.06,7374.1,10993.5
0.49082599910497543,7374.1,10993.5,4860.24
-0.5578987583572111,10993.5,4860.24,20677.75
3.254470972626866,4860.24,20677.75,9064.89
-0.5616113938895673,20677.75,9064.89,6075.3
-0.3297988171946929,9064.89,6075.3,6463.23
0.06385363685743904,6075.3,6463.23,6120.34
-0.05305242115784205,6463.23,6120.34,7680.64
0.2549368172356438,6120.34,7680.64,4905.39
-0.3613305662028164,7680.64,4905.39,8014.82
0.6338802827094276,4905.39,8014.82,7136.19
-0.10962566844919788,8014.82,7136.19,21796.4
2.0543469274220563,7136.19,21796.4,12948.099999999999
-0.4059523591051734,21796.4,12948.099999999999,5691.84
-0.56041118001869,12948.099999999999,5691.84,4514.92
-0.20677320514982853,5691.84,4514.92,8254.8
0.8283380436419691,4514.92,8254.8,2416.56
-0.7072539613315889,8254.8,2416.56,16141.23
-0.2829803233166259,3896.49,2793.86,3307.77
0.18394264565869436,2793.86,3307.77,5192.95
0.5699247529302218,3307.77,5192.95,8677.76
0.6710655792950059,5192.95,8677.76,8356.52
-0.03701876982078322,8677.76,8356.52,3025.92
-0.6378971150670375,8356.52,3025.92,3009.09
-0.005561944796954291,3025.92,3009.09,5422.39
0.8020032634450948,3009.09,5422.39,2852.08
-0.47401791460960946,5422.39,2852.08,5756.52
1.0183585313174948,2852.08,5756.52,4472.0
-0.22314175925732915,5756.52,4472.0,2904.44
-0.35052772808586763,4472.0,2904.44,6484.59
1.2326472573026126,2904.44,6484.59,3757.26
-0.4205863439323072,6484.59,3757.26,4043.96
0.07630560568073538,3757.26,4043.96,11499.3
1.8435741204166212,4043.96,11499.3,1329.9
-0.8843494821423913,11499.3,1329.9,5288.01
2.9762463343108503,1329.9,5288.01,2225.5
-0.5791422482181388,5288.01,2225.5,5833.8
1.621343518310492,2225.5,5833.8,5887.35
0.5274558778676295,6065.55,9264.86,7023.98
-0.241868738437494,9264.86,7023.98,5176.38
-0.2630417512578338,7023.98,5176.38,8315.7
0.6064701586823225,5176.38,8315.7,17607.6
1.1173924023233157,8315.7,17607.6,8065.89
-0.541908607646698,17607.6,8065.89,6123.4
-0.24082773258747647,8065.89,6123.4,9774.03
0.596176960512134,6123.4,9774.03,7023.9
-0.2813711437349794,9774.03,7023.9,7078.23
0.007735019006534821,7023.9,7078.23,8336.94
0.17782835539393338,7078.23,8336.94,6901.92
-0.1721279030435628,8336.94,6901.92,5438.07
-0.212093156686835,6901.92,5438.07,6683.34
0.22899116782240767,5438.07,6683.34,4570.4
-0.31615030807949324,6683.34,4570.4,16525.47
2.6157601085244186,4570.4,16525.47,3664.1
-0.7782755951873078,16525.47,3664.1,3834.38
0.046472530771540135,3664.1,3834.38,1822.17
-0.5247810597801992,3834.38,1822.17,11886.6
5.523321095177727,1822.17,11886.6,9218.16
-0.30566037735849055,7208.0,5004.8,4398.24
-0.12119565217391312,5004.8,4398.24,5597.76
0.2727272727272728,4398.24,5597.76,10450.24
0.8668610301263361,5597.76,10450.24,12671.119999999999
0.2125195210827693,10450.24,12671.119999999999,5197.92
-0.5897821187077386,12671.119999999999,5197.92,5997.6
0.1538461538461539,5197.92,5997.6,2910.4
-0.5147392290249433,5997.6,2910.4,3378.24
0.16074766355140177,2910.4,3378.24,3508.8
0.038647342995169205,3378.24,3508.8,2992.0
-0.1472868217054264,3508.8,2992.0,3427.2
0.1454545454545454,2992.0,3427.2,2692.8
-0.2142857142857142,3427.2,2692.8,8381.92
2.1127153891859773,2692.8,8381.92,4586.86
-0.4527673850382729,8381.92,4586.86,4046.25
-0.11786058436490315,4586.86,4046.25,4846.7
0.19782514674080934,4046.25,4846.7,3370.56
-0.3045659933563043,4846.7,3370.56,9661.44
1.8664198234121336,3370.56,9661.44,2764.88
-0.2024689436966727,5398.26,4305.28,3347.74
-0.2224106213765423,4305.28,3347.74,3188.12
-0.04767992735397609,3347.74,3188.12,3191.2
0.0009660865964894443,3188.12,3191.2,3536.82
0.10830408623715228,3191.2,3536.82,13059.93
2.692562810660424,3536.82,13059.93,4076.19
-0.6878857696787042,13059.93,4076.19,7020.48
0.7223142198965209,4076.19,7020.48,6426.5
-0.08460675053557586,7020.48,6426.5,4591.72
-0.2855022173811561,6426.5,4591.72,4033.38
-0.12159713571385017,4591.72,4033.38,4302.08
0.06661906391165717,4033.38,4302.08,7020.64
0.6319175840523654,4302.08,7020.64,3855.9
-0.4507765673784726,7020.64,3855.9,13358.779999999999
2.464503747503825,3855.9,13358.779999999999,10467.66
-0.21642096059670113,13358.779999999999,10467.66,5780.92
-0.4477352149382001,10467.66,5780.92,2297.05
-0.602649751250666,5780.92,2297.05,6231.54
1.7128447356391892,2297.05,6231.54,1735.3
-0.7215295095594347,6231.54,1735.3,10322.669999999998
0.44343465998119713,5265.15,7599.9,8008.56
0.05377176015473898,7599.9,8008.56,9245.76
0.15448470136953457,8008.56,9245.76,13818.240000000002
0.494548852663275,9245.76,13818.240000000002,14271.869999999999
0.03282834861747931,13818.240000000002,14271.869999999999,3930.4
-0.7246051148167689,14271.869999999999,3930.4,7498.9
0.9079228577244045,3930.4,7498.9,4517.91
-0.397523636800064,7498.9,4517.91,5774.72
0.2781839390337569,4517.91,5774.72,3922.56
-0.3207358971517234,5774.72,3922.56,9160.36
1.3353014357970308,3922.56,9160.36,13063.24
0.4260618578309148,9160.36,13063.24,6934.62
-0.46915007302935563,13063.24,6934.62,13390.63
0.9309825195901145,6934.62,13390.63,2817.87
-0.7895640459037401,13390.63,2817.87,3420.0
0.21368267521212836,2817.87,3420.0,2575.04
-0.24706432748538013,3420.0,2575.04,1961.28
-0.3056237025853935,8690.36,6034.38,11279.2
0.8691564004918485,6034.38,11279.2,8023.29
-0.28866497623944964,11279.2,8023.29,4904.0
-0.38877941592538723,8023.29,4904.0,8594.52
0.7525530179445351,4904.0,8594.52,20245.940000000002
1.355680131060257,8594.52,20245.940000000002,8602.92
-0.5750792504571287,20245.940000000002,8602.92,7181.44
-0.16523226997345092,8602.92,7181.44,8378.58
0.16669915782907055,7181.44,8378.58,10606.2
0.26587082775362897,8378.58,10606.2,5818.4
-0.4514152099715262,10606.2,5818.4,7071.27
0.21532895641413463,5818.4,7071.27,8411.56
0.1895402098915752,7071.27,8411.56,14546.2
0.7293106153911999,8411.56,14546.2,7089.54
-0.5126191032709574,14546.2,7089.54,4764.48
-0.3279563977352551,7089.54,4764.48,3560.64
-0.25266975619584925,4764.48,3560.64,3823.64
0.07386312573020581,3560.64,3823.64,2280.96
-0.40345848458536887,3823.64,2280.96,8677.8
0.006026545075376007,3394.98,3415.44,2439.57
-0.285723069355632,3415.44,2439.57,4829.8
0.9797751243046929,2439.57,4829.8,4100.1
-0.15108286057393677,4829.8,4100.1,6563.06
0.6007072998219555,4100.1,6563.06,17915.08
1.729684019344635,6563.06,17915.08,4056.36
-0.7735784601575879,17915.08,4056.36,5759.42
0.41984932303838907,4056.36,5759.42,3451.0
-0.4008077202218279,5759.42,3451.0,5920.4
0.7155607070414371,3451.0,5920.4,6668.24
0.12631578947368424,5920.4,6668.24,4094.72
-0.38593691888714265,6668.24,4094.72,2938.5
-0.28236851359799936,4094.72,2938.5,6387.8
1.1738301854687767,2938.5,6387.8,9065.1
0.4191270860077022,6387.8,9065.1,11644.49
0.2845407110787525,9065.1,11644.49,5960.36
-0.48813902541030135,11644.49,5960.36,8470.14
0.4210785925682341,5960.36,8470.14,2952.0
-0.6514815575657545,8470.14,2952.0,2464.8
-0.165040650406504,2952.0,2464.8,14201.36
1.7280511097938482,3036.6,8284.0,2711.2
-0.67271849348141,8284.0,2711.2,8339.8
2.0760548834464445,2711.2,8339.8,6238.84
-0.25191971030480337,8339.8,6238.84,15899.33
1.5484433003571176,6238.84,15899.33,4029.0
-0.7465930954323232,15899.33,4029.0,4771.8
0.18436336559940436,4029.0,4771.8,6087.94
0.27581625382455244,4771.8,6087.94,4193.28
-0.3112152879299073,6087.94,4193.28,7552.28
0.8010435744810745,4193.28,7552.28,6434.4
-0.14801887641877687,7552.28,6434.4,12045.42
0.872034688549049,6434.4,12045.42,4157.04
-0.6548862555228461,12045.42,4157.04,4660.24
0.12104766853337948,4157.04,4660.24,15772.99
2.384587489056358,4660.24,15772.99,3877.06
-0.754196255751129,15772.99,3877.06,3867.08
-0.0025741154379865204,3877.06,3867.08,5951.44
0.5390010033410221,3867.08,5951.44,8648.64
0.45320124205234363,5951.44,8648.64,3447.78
-0.007864395401527176,5958.5,5911.64,7366.44
0.24609076330764376,5911.64,7366.44,4985.64
-0.323195464837832,7366.44,4985.64,5393.64
0.0818350302067538,4985.64,5393.64,4880.02
-0.09522697102513328,5393.64,4880.02,16224.02
2.3245806369646025,4880.02,16224.02,3142.36
-0.8063143413284747,16224.02,3142.36,4713.6
0.5000190939294035,3142.36,4713.6,7016.31
0.4885246945010183,4713.6,7016.31,4381.25
-0.3755620832032793,7016.31,4381.25,4283.01
-0.022422824536376555,4381.25,4283.01,4364.82
0.01910105276429415,4283.01,4364.82,4242.24
-0.028083632314734614,4364.82,4242.24,11376.24
1.6816587463226975,4242.24,11376.24,10327.76
-0.09216401904319876,11376.24,10327.76,2711.66
-0.737439677141994,10327.76,2711.66,5862.0
1.1617754438240784,2711.66,5862.0,4071.85
-0.30538212214261345,5862.0,4071.85,8236.75
-0.39753195168301975,6130.35,3693.34,6031.68
0.6331234059144297,3693.34,6031.68,3494.94
-0.4205693936017826,6031.68,3494.94,9278.74
1.6549068081283225,3494.94,9278.74,13915.45
0.49971332314516853,9278.74,13915.45,2254.8
-0.8379642771164426,13915.45,2254.8,4946.76
1.1938797232570515,2254.8,4946.76,2495.5
-0.4955283862568631,4946.76,2495.5,3167.38
0.269236625926668,2495.5,3167.38,2402.84
-0.24137931034482757,3167.38,2402.84,2454.54
0.021516205823109244,2402.84,2454.54,10221.189999999999
3.1641977722913452,2454.54,10221.189999999999,3100.32
-0.6966771970778354,10221.189999999999,3100.32,12918.2
3.166731176136657,3100.32,12918.2,3288.82
-0.7454118994906411,12918.2,3288.82,3987.2
0.21234971813598788,3288.82,3987.2,1809.5
-0.5461727528089887,3987.2,1809.5,1092.2
0.30049824246339835,4566.05,5938.14,8138.76
0.37059079105578513,5938.14,8138.76,9470.94
0.16368341123217792,8138.76,9470.94,7036.89
-0.2570019448967051,9470.94,7036.89,5559.03
-0.21001607244109266,7036.89,5559.03,22990.86
3.135768290511115,5559.03,22990.86,3114.4
-0.864537472717419,22990.86,3114.4,5045.22
0.6199653223734909,3114.4,5045.22,6952.12
0.37796171425626623,5045.22,6952.12,4157.73
-0.40194789503058065,6952.12,4157.73,7962.24
0.9150449884913163,4157.73,7962.24,3778.8
-0.5254099348926935,7962.24,3778.8,8253.0
1.1840266751349633,3778.8,8253.0,10547.2
0.2779837634799468,8253.0,10547.2,5689.219999999999
-0.46059428094660204,10547.2,5689.219999999999,7450.97
0.30966459374044264,5689.219999999999,7450.97,5941.5
-0.20258704571351116,7450.97,5941.5,3241.9
-0.45436337625178824,5941.5,3241.9,6109.29
0.8844782380702674,3241.9,6109.29,3387.78
-0.41394564263214967,3485.82,2042.88,1800.24
-0.11877349624060154,2042.88,1800.24,1340.64
-0.25529929342754293,1800.24,1340.64,3447.5
1.5715329991645777,1340.64,3447.5,5865.44
0.7013604060913704,3447.5,5865.44,3651.56
-0.3774448293734144,5865.44,3651.56,2591.96
-0.2901773488591177,3651.56,2591.96,2864.17
0.10502091081652495,2591.96,2864.17,1484.2
-0.48180450182775464,2864.17,1484.2,2254.25
0.5188316938418003,1484.2,2254.25,2681.35
0.18946434512587332,2254.25,2681.35,6030.65
1.2491095903183098,2681.35,6030.65,3988.6
-0.3386119240877849,6030.65,3988.6,9765.68
1.4483979341122197,3988.6,9765.68,2775.08
-0.7158334084262438,9765.68,2775.08,1627.92
-0.4133790737564322,2775.08,1627.92,2529.36
0.5537372843874392,1627.92,2529.36,3065.78
0.24004610271720056,4615.78,5723.78,2559.6
-0.5528130011985086,5723.78,2559.6,2140.11
-0.1638888888888888,2559.6,2140.11,3327.6
0.5548733476316636,2140.11,3327.6,6825.6
1.0512080778939779,3327.6,6825.6,14504.960000000001
1.1250820440693858,6825.6,14504.960000000001,3384.36
-0.7666756750794211,14504.960000000001,3384.36,4891.68
0.44537815126050423,3384.36,4891.68,4521.96
-0.07558139534883726,4891.68,4521.96,5069.66
0.1211200452900954,4521.96,5069.66,6541.2
0.2902640413755558,5069.66,6541.2,3012.27
-0.5394927536231884,6541.2,3012.27,5247.18
0.7419354838709679,3012.27,5247.18,2214.87
-0.5778932683841607,5247.18,2214.87,10958.880000000001
3.947866014709668,2214.87,10958.880000000001,7890.4800000000005
-0.27999211598265517,10958.880000000001,7890.4800000000005,7927.68
0.0047145420810901,7890.4800000000005,7927.68,1749.79
-0.7792809497860661,7927.68,1749.79,2130.56
0.21760897021928344,1749.79,2130.56,10643.94
-0.4258973369355461,3731.04,2142.0,2838.81
0.3253081232492997,2142.0,2838.81,3230.37
0.1379310344827586,2838.81,3230.37,7989.610000000001
1.4732801505709874,3230.37,7989.610000000001,12412.98
0.5536402903270621,7989.610000000001,12412.98,5195.85
-0.5814179995456369,12412.98,5195.85,4180.44
-0.19542711972054633,5195.85,4180.44,2684.43
-0.35785945976978495,4180.44,2684.43,1958.88
-0.27028084174293976,2684.43,1958.88,4910.57
1.5068253287592908,1958.88,4910.57,4468.4
-0.09004453658129302,4910.57,4468.4,5803.01
0.2986773789275805,4468.4,5803.01,2504.75
-0.5683705525236041,5803.01,2504.75,9645.74
2.850979139634694,2504.75,9645.74,4068.7
-0.5781868472507035,9645.74,4068.7,5182.0
0.27362548234079687,4068.7,5182.0,5243.79
0.011923967580084903,5182.0,5243.79,9048.16
0.725500067699126,5243.79,9048.16,3832.64
0.25425,3920.0,4916.66,3857.0
-0.21552436003303052,4916.66,3857.0,4181.44
0.08411718952553789,3857.0,4181.44,4641.0
0.10990472181832106,4181.44,4641.0,3570.12
-0.23074337427278607,4641.0,3570.12,8474.1
1.373617693522907,3570.12,8474.1,3966.78
-0.5318936524232661,8474.1,3966.78,5152.0
0.29878642122830096,3966.78,5152.0,3360.0
-0.34782608695652173,5152.0,3360.0,3451.0
0.027083333333333334,3360.0,3451.0,5453.0
0.5801217038539553,3451.0,5453.0,4164.12
-0.2363616357968091,5453.0,4164.12,2800.08
-0.32756981066828045,4164.12,2800.08,4687.94
0.674216450958544,2800.08,4687.94,8689.439999999999
0.8535732112612362,4687.94,8689.439999999999,5501.49
-0.3668763464619123,8689.439999999999,5501.49,3822.0
-0.30527911529422025,5501.49,3822.0,3911.49
0.02341444270015693,3822.0,3911.49,4704.0
0.20261076980894754,3911.49,4704.0,2467.9
-0.4753613945578231,4704.0,2467.9,10395.0
0.14286236236007652,4379.18,5004.8,3644.75
-0.2717491208439898,5004.8,3644.75,2702.04
-0.258648741340284,3644.75,2702.04,9682.66
2.5834628650945213,2702.04,9682.66,13226.82
0.3660316483280421,9682.66,13226.82,6182.4
-0.53258606377043,13226.82,6182.4,4186.73
-0.3227985895445135,6182.4,4186.73,4529.28
0.08181802982279732,4186.73,4529.28,5628.89
0.24277810159672192,4529.28,5628.89,3054.48
-0.4573566013903274,5628.89,3054.48,2526.51
-0.1728510253791152,3054.48,2526.51,11167.18
3.4200022956568543,2526.51,11167.18,6231.91
-0.4419441613728802,11167.18,6231.91,18691.56
1.9993308632505928,6231.91,18691.56,4196.8
-0.7754708542251155,18691.56,4196.8,2611.8
-0.3776686999618757,4196.8,2611.8,5895.05
1.257083237613906,2611.8,5895.05,3375.72
-0.42736363559257345,5895.05,3375.72,8374.69
1.4808603794153548,3375.72,8374.69,4464.24
-0.3160216375400089,4808.31,3288.78,3254.72
-0.010356423962685372,3288.78,3254.72,3184.94
-0.021439632287877222,3254.72,3184.94,5907.5
0.8548230107945518,3184.94,5907.5,4389.12
-0.25702581464240376,5907.5,4389.12,10326.29
1.3527016805191021,4389.12,10326.29,3735.72
-0.6382321240251824,10326.29,3735.72,2413.26
-0.3540040474125469,3735.72,2413.26,2953.75
0.22396675037086752,2413.26,2953.75,4684.8
0.5860516292848075,2953.75,4684.8,3248.7
-0.30654456967213123,4684.8,3248.7,5239.5
0.6127989657401423,3248.7,5239.5,4567.98
-0.12816490123103358,5239.5,4567.98,7378.6900000000005
0.6153069847065883,4567.98,7378.6900000000005,9603.5
0.301518291187189,7378.6900000000005,9603.5,2509.0
-0.738741083979799,9603.5,2509.0,9240.44
2.6829174970107617,2509.0,9240.44,2515.32
-0.7277921830562182,9240.44,2515.32,5548.9
1.2060413784329624,2515.32,5548.9,4873.05
0.14551451058986076,2055.74,2354.88,2309.58
-0.01923664900122307,2354.88,2309.58,2113.37
-0.08495484027398922,2309.58,2113.37,1746.6
-0.17354746211027886,2113.37,1746.6,2304.45
0.319391961525249,1746.6,2304.45,6319.5
1.7423029356245527,2304.45,6319.5,3053.28
-0.5168478518870163,6319.5,3053.28,1423.29
-0.5338488445213018,3053.28,1423.29,1504.12
0.05679095616494174,1423.29,1504.12,1164.4
-0.22585963885860158,1504.12,1164.4,1500.75
0.2888612160769494,1164.4,1500.75,1557.36
0.03772113943028479,1500.75,1557.36,1345.68
-0.1359223300970873,1557.36,1345.68,2900.49
1.1554084180488673,1345.68,2900.49,6029.860000000001
1.0789108047260985,2900.49,6029.860000000001,1593.02
-0.7358114450418417,6029.860000000001,1593.02,3156.16
0.9812431733437119,1593.02,3156.16,1320.75
-0.5815326219203082,3156.16,1320.75,4998.0
2.784213515048268,1320.75,4998.0,1293.75
-0.4342582844353479,5433.08,3073.72,4380.2
0.425048475462957,3073.72,4380.2,5848.68
0.33525409798639344,4380.2,5848.68,9578.369999999999
0.6376977369252547,5848.68,9578.369999999999,14659.24
0.5304524673822374,9578.369999999999,14659.24,4032.0
-0.7249516346004294,14659.24,4032.0,4492.36
0.11417658730158722,4032.0,4492.36,4161.38
-0.07367619692099467,4492.36,4161.38,2508.66
-0.3971567124367398,4161.38,2508.66,3374.88
0.34529190882782057,2508.66,3374.88,5196.6
0.5397880813540038,3374.88,5196.6,2604.52
-0.4988030635415464,5196.6,2604.52,2936.8
0.1275782101884417,2604.52,2936.8,2923.2
-0.004630890765459127,2936.8,2923.2,15187.92
4.195648604269294,2923.2,15187.92,2758.7
-0.8183622247154319,15187.92,2758.7,1449.76
-0.47447710878312244,2758.7,1449.76,7048.14
3.861590884008388,1449.76,7048.14,5202.94
0.3100200780391712,5279.4,6916.12,2781.66
-0.597800500858863,6916.12,2781.66,5248.0
0.8866432274253504,2781.66,5248.0,12295.16
1.342827743902439,5248.0,12295.16,19979.46
0.6249857667570002,12295.16,19979.46,5719.5
-0.7137310017387857,19979.46,5719.5,6954.08
0.21585453273887575,5719.5,6954.08,8160.3
0.17345500770770544,6954.08,8160.3,6567.96
-0.19513253189220986,8160.3,6567.96,6724.0
0.023757757355404106,6567.96,6724.0,5747.85
-0.14517400356930393,6724.0,5747.85,5676.84
-0.01235418460815787,5747.85,5676.84,7379.97
0.30001374003847214,5676.84,7379.97,12133.67
0.6441354097645383,7379.97,12133.67,3881.28
-0.6801231614177738,12133.67,3881.28,1611.4
-0.5848276857119301,3881.28,1611.4,5579.34
2.462417773364776,1611.4,5579.34,6433.82
0.15315073109005717,5579.34,6433.82,4352.16
0.1782178217821782,5151.0,6069.0,2856.0
-0.5294117647058824,6069.0,2856.0,5375.4
0.882142857142857,2856.0,5375.4,12486.5
1.3228969006957623,5375.4,12486.5,14205.2
0.1376446562287271,12486.5,14205.2,5890.5
-0.5853279080899952,14205.2,5890.5,5967.0
0.012987012987012988,5890.5,5967.0,3712.8
-0.37777777777777777,5967.0,3712.8,7597.3
1.0462454212454213,3712.8,7597.3,3668.6
-0.5171179234728127,7597.3,3668.6,5875.2
0.6014828544949027,3668.6,5875.2,8078.4
0.375,5875.2,8078.4,10907.76
0.35023767082590623,8078.4,10907.76,4703.81
-0.5687648059729954,10907.76,4703.81,5399.55
0.14790988581596615,4703.81,5399.55,14082.8
1.6081432711985257,5399.55,14082.8,5283.6
-0.005902606984751604,3130.82,3112.34,3806.88
0.22315685304304797,3112.34,3806.88,2142.14
-0.4372977346278318,3806.88,2142.14,7153.3
2.3393242271746946,2142.14,7153.3,6977.74
-0.024542518837459688,7153.3,6977.74,3846.15
-0.4487971750165526,6977.74,3846.15,1339.8
-0.6516516516516517,3846.15,1339.8,3039.96
1.2689655172413794,1339.8,3039.96,3400.32
0.1185410334346505,3039.96,3400.32,1930.39
-0.4322916666666667,3400.32,1930.39,2464.77
0.2768248903071399,1930.39,2464.77,6260.1
1.539831302717901,2464.77,6260.1,1832.6
-0.7072570725707257,6260.1,1832.6,9460.54
4.162359489250246,1832.6,9460.54,3686.54
-0.610324569210637,9460.54,3686.54,2100.56
-0.43020827117025723,3686.54,2100.56,3881.78
0.8479738736336978,2100.56,3881.78,4509.12
0.1616114256861542,3881.78,4509.12,3273.27
-0.07483249486768788,4432.7,4100.99,5274.72
0.28620650135698955,4100.99,5274.72,4232.0
-0.1976825310158644,5274.72,4232.0,13633.48
2.2215217391304347,4232.0,13633.48,15387.58
0.12866120755669136,13633.48,15387.58,6432.64
-0.5819589565090806,15387.58,6432.64,4840.87
-0.24745205700925288,6432.64,4840.87,3892.08
-0.1959957610925309,4840.87,3892.08,5526.32
0.41988859427349895,3892.08,5526.32,4459.62
-0.1930217576977084,5526.32,4459.62,6203.4
0.39101537799184677,4459.62,6203.4,7270.530000000001
0.17202340651900588,6203.4,7270.530000000001,3448.08
-0.5257457159244238,7270.530000000001,3448.08,7868.84
1.2820932228950606,3448.08,7868.84,1746.63
-0.7780320860508029,7868.84,1746.63,4207.84
1.4091192754046362,1746.63,4207.84,4352.76
0.03444047302178792,4207.84,4352.76,1463.7
-0.6637305985168032,4352.76,1463.7,7169.28
3.8980528796884606,1463.7,7169.28,4594.76
1.1345664445678325,3457.92,7381.16,7146.9
-0.03173755886608612,7381.16,7146.9,5938.53
-0.16907610292574402,7146.9,5938.53,7110.91
0.19741922664363068,5938.53,7110.91,5032.95
-0.2922213893861686,7110.91,5032.95,16176.869999999999
2.214192471612076,5032.95,16176.869999999999,7060.24
-0.5635595761108299,16176.869999999999,7060.24,8448.64
0.19665053879188238,7060.24,8448.64,7300.51
-0.13589524467843336,8448.64,7300.51,6549.2
-0.10291198834054065,7300.51,6549.2,5697.9
-0.12998534172112627,6549.2,5697.9,9169.0
0.6091893504624512,5697.9,9169.0,3238.63
-0.6467848184098592,9169.0,3238.63,4554.94
0.40644037756705753,3238.63,4554.94,9710.7
1.1319051403531115,4554.94,9710.7,14668.189999999999
0.5105182942527313,9710.7,14668.189999999999,9147.54
-0.3763688635066766,14668.189999999999,9147.54,2602.25
-0.7155246109883094,9147.54,2602.25,2200.0
-0.15457776923815927,2602.25,2200.0,12030.970000000001
-0.5256637168141592,3390.0,1608.0,2262.96
0.40731343283582094,1608.0,2262.96,1496.64
-0.3386361226004878,2262.96,1496.64,1879.74
0.25597338037203327,1496.64,1879.74,6310.82
2.357283454094715,1879.74,6310.82,1643.12
-0.7396344690547346,6310.82,1643.12,1322.16
-0.19533570280928955,1643.12,1322.16,1423.8
0.07687420584498084,1322.16,1423.8,2397.45
0.6838390223345975,1423.8,2397.45,1574.0
-0.34346910258816654,2397.45,1574.0,1729.0
0.09847522236340533,1574.0,1729.0,4090.34
1.3657258530942742,1729.0,4090.34,5477.9
0.33922852379019824,4090.34,5477.9,8884.8
0.6219354132057905,5477.9,8884.8,1331.1
-0.8501823338735818,8884.8,1331.1,3051.3
1.2923146270002257,1331.1,3051.3,2288.52
0.10385648132194951,3772.61,4164.42,6295.95
0.511843185845808,4164.42,6295.95,6287.66
-0.0013167194783948353,6295.95,6287.66,5412.54
-0.13918055365589105,6287.66,5412.54,5984.14
0.10560660983567796,5412.54,5984.14,15483.33
1.5873943457205208,5984.14,15483.33,5752.54
-0.6284688112957614,15483.33,5752.54,3765.32
-0.34545087908993244,5752.54,3765.32,2159.96
-0.4263542009709666,3765.32,2159.96,3379.94
0.5648160151113909,2159.96,3379.94,5093.5
0.5069794138357485,3379.94,5093.5,5773.44
0.13349170511436137,5093.5,5773.44,4528.86
-0.21556992018623214,5773.44,4528.86,8232.86
0.8178658646988428,4528.86,8232.86,7051.7
-0.14346897675898784,8232.86,7051.7,5951.879999999999
-0.15596522824283515,7051.7,5951.879999999999,3949.0
-0.3365121608634582,5951.879999999999,3949.0,3843.99
-0.026591542162572857,3949.0,3843.99,9275.66
0.020539397144368015,3782.0,3859.68,4431.84
0.14824026862330564,3859.68,4431.84,4950.33
0.11699203942380586,4431.84,4950.33,4299.7
-0.131431641930942,4950.33,4299.7,11347.71
1.6391864548689443,4299.7,11347.71,3206.32
-0.7174478374932035,11347.71,3206.32,3604.23
0.12410177399635715,3206.32,3604.23,7017.76
0.9470899470899471,3604.23,7017.76,6154.18
-0.12305635986411617,7017.76,6154.18,4750.8
-0.2280368789993143,6154.18,4750.8,3822.92
-0.19531026353456263,4750.8,3822.92,7170.16
0.8755715526351584,3822.92,7170.16,18728.85
1.6120546821828243,7170.16,18728.85,3630.22
-0.8061696260048001,18728.85,3630.22,4196.07
0.15587209590603324,3630.22,4196.07,4931.6
0.17529021203173462,4196.07,4931.6,3068.69
-0.3777496147294996,4931.6,3068.69,785.64
-0.7439819597287443,3068.69,785.64,4977.0
1.5968083497201635,1189.98,3090.15,2795.86
-0.09523485914923223,3090.15,2795.86,2851.54
0.019915160272688845,2795.86,2851.54,2701.92
-0.05246989346107713,2851.54,2701.92,2204.1
-0.1842467578610766,2701.92,2204.1,8659.57
2.9288462410961387,2204.1,8659.57,2585.93
-0.7013789368294269,8659.57,2585.93,2148.3
-0.16923505276631606,2585.93,2148.3,1667.4
-0.22385141739980452,2148.3,1667.4,1859.7
0.11532925512774377,1667.4,1859.7,1476.6
-0.20600096789804814,1859.7,1476.6,1732.0
0.17296491940945422,1476.6,1732.0,1674.17
-0.03338914549653575,1732.0,1674.17,1500.98
-0.10344827586206899,1674.17,1500.98,3990.2599999999998
1.6584364881610678,1500.98,3990.2599999999998,11063.77
1.772694009914141,3990.2599999999998,11063.77,2541.59
-0.7702781240029393,11063.77,2541.59,2130.92
-0.16157995585440613,2541.59,2130.92,1701.7
-0.2014247367334297,2130.92,1701.7,1694.0
-0.004524886877828081,1701.7,1694.0,3848.71
-0.3223840482093934,3073.26,2082.49,3394.23
0.6298901795446799,2082.49,3394.23,2559.6
-0.24589671295109644,3394.23,2559.6,1490.16
-0.4178152836380684,2559.6,1490.16,3844.0
1.5795887689912493,1490.16,3844.0,4724.91
0.22916493236212276,3844.0,4724.91,1824.72
-0.6138085169876251,4724.91,1824.72,2668.68
0.46251479679074037,1824.72,2668.68,2843.61
0.06554926030846722,2668.68,2843.61,3163.65
0.11254707924082415,2843.61,3163.65,2226.11
-0.29634757321448324,3163.65,2226.11,2069.75
-0.07023911666539395,2226.11,2069.75,2235.33
0.07999999999999996,2069.75,2235.33,10708.83
3.790715464830696,2235.33,10708.83,3515.67
-0.6717036314891542,10708.83,3515.67,2909.34
-0.17246499244809663,3515.67,2909.34,4184.09
0.4381577952387827,2909.34,4184.09,3193.26
-0.2368089596543095,4184.09,3193.26,1482.6
0.3015088335612073,2055.23,2674.9,1853.4
-0.307114284646155,2674.9,1853.4,1490.1
-0.19601812884428627,1853.4,1490.1,4976.4400000000005
2.339668478625596,1490.1,4976.4400000000005,3698.44
-0.2568100891400279,4976.4400000000005,3698.44,1944.3
-0.4742918635965434,3698.44,1944.3,1986.8
0.021858766651236948,1944.3,1986.8,1695.96
-0.14638614858063215,1986.8,1695.96,1281.56
-0.24434538550437515,1695.96,1281.56,1774.22
0.3844221105527639,1281.56,1774.22,1997.5
0.1258468510105849,1774.22,1997.5,2353.2
0.17807259073842294,1997.5,2353.2,981.2
-0.5830358660547339,2353.2,981.2,1550.72
0.5804321239298817,981.2,1550.72,1771.06
0.14208883615352863,1550.72,1771.06,9344.24
4.276071956907163,1771.06,9344.24,1142.41
-0.8777417960155133,9344.24,1142.41,1172.6
0.02642658940310381,1142.41,1172.6,6981.0
4.953436807095343,1172.6,6981.0,3064.6
-0.5610084515112448,6981.0,3064.6,2202.48
0.3447863718999942,3773.38,5074.39,6483.46
0.2776826377160604,5074.39,6483.46,7956.46
0.2271935047027359,6483.46,7956.46,4230.62
-0.4682786063148687,7956.46,4230.62,7209.12
0.7040339241056867,4230.62,7209.12,10175.73
0.4115079232971569,7209.12,10175.73,7492.4
-0.26369901717124966,10175.73,7492.4,9534.5
0.27255619027280986,7492.4,9534.5,5579.02
-0.41485971996433996,9534.5,5579.02,5950.34
0.0665564920003871,5579.02,5950.34,3726.0
-0.37381729447392925,5950.34,3726.0,4455.0
0.1956521739130435,3726.0,4455.0,8272.34
0.8568664421997756,4455.0,8272.34,7458.85
-0.09833855958531683,8272.34,7458.85,11876.82
0.5923124878500036,7458.85,11876.82,4462.2
-0.6242933714580166,11876.82,4462.2,3033.28
-0.32022769037694404,4462.2,3033.28,990.78
-0.673363487709674,3033.28,990.78,2030.86
1.0497587759139264,990.78,2030.86,5433.75
0.6346153846153846,3157.44,5161.2,4346.76
-0.15780051150895133,5161.2,4346.76,3528.36
-0.1882781658062557,4346.76,3528.36,6411.24
0.8170594837261502,3528.36,6411.24,14873.76
1.3199505867819643,6411.24,14873.76,4169.88
-0.7196485623003196,14873.76,4169.88,4910.4
0.1775878442545108,4169.88,4910.4,3231.36
-0.34193548387096767,4910.4,3231.36,6853.44
1.1209150326797384,3231.36,6853.44,5177.04
-0.24460708782742677,6853.44,5177.04,2824.8
-0.4543600203977562,5177.04,2824.8,9377.279999999999
2.3196261682242985,2824.8,9377.279999999999,5278.68
-0.4370777027027026,9377.279999999999,5278.68,5846.6
0.10758750293634016,5278.68,5846.6,6144.6
0.05096979441042657,5846.6,6144.6,5127.2
-0.16557627835823333,6144.6,5127.2,6386.16
0.2455453268840693,5127.2,6386.16,7695.6
0.13241844227759722,2242.89,2539.89,2795.27
0.10054766151290022,2539.89,2795.27,5545.76
0.9839800806362177,2795.27,5545.76,4285.46
-0.2272546954790687,5545.76,4285.46,3329.09
-0.22316624119697767,4285.46,3329.09,11500.650000000001
2.4545926965026483,3329.09,11500.650000000001,3336.29
-0.709904222804798,11500.650000000001,3336.29,5510.05
0.6515500750834011,3336.29,5510.05,2504.4
-0.5454850681935736,5510.05,2504.4,3525.6
0.407762338284619,2504.4,3525.6,4407.0
0.25000000000000006,3525.6,4407.0,2983.44
-0.3230224642614023,4407.0,2983.44,5126.24
0.7182313034617755,2983.44,5126.24,5713.79
0.11461617091669532,5126.24,5713.79,8324.9
0.4569838933527483,5713.79,8324.9,11134.4
0.3374815313096854,8324.9,11134.4,3572.33
-0.6791627748239689,11134.4,3572.33,4581.36
0.28245710782598465,3572.33,4581.36,4319.76
-0.05710094819005698,4581.36,4319.76,1448.0
-0.6647961923810582,4319.76,1448.0,881.4
-0.10435085276714232,2011.1,1801.24,3390.2
0.8821478537007837,1801.24,3390.2,1424.0
-0.5799657837295734,3390.2,1424.0,1499.1
0.05273876404494376,1424.0,1499.1,3358.08
1.240064038423054,1499.1,3358.08,5403.44
0.6090861444635028,3358.08,5403.44,1888.88
-0.6504300963830448,5403.44,1888.88,1820.01
-0.03646075981534037,1888.88,1820.01,2866.95
0.5752385975901231,1820.01,2866.95,1394.16
-0.5137131795113273,2866.95,1394.16,2632.28
0.8880759740632352,1394.16,2632.28,2018.56
-0.23315148844347874,2632.28,2018.56,2954.53
0.46368203075459746,2018.56,2954.53,1871.83
-0.36645422452978993,2954.53,1871.83,3439.24
0.8373677096744896,1871.83,3439.24,6412.389999999999
0.8644787801956245,3439.24,6412.389999999999,3458.42
-0.4606659919312455,6412.389999999999,3458.42,1237.88
-0.6420677650487795,3458.42,1237.88,2723.2
1.1998901347465016,1237.88,2723.2,2218.52
-0.1853260869565217,2723.2,2218.52,1665.32
-0.4508512031429039,3421.04,1878.66,3853.6
1.0512492947100591,1878.66,3853.6,3442.64
-0.10664313888312228,3853.6,3442.64,6845.68
0.9884971998233915,3442.64,6845.68,10249.279999999999
0.49718946839466616,6845.68,10249.279999999999,2817.92
-0.7250616628680258,10249.279999999999,2817.92,4636.38
0.6453199523052464,2817.92,4636.38,1553.58
-0.6649153002989402,4636.38,1553.58,2697.6
0.7363766268875758,1553.58,2697.6,3334.04
0.23592823250296563,2697.6,3334.04,2059.26
-0.3823529411764705,3334.04,2059.26,2023.14
-0.017540281460330466,2059.26,2023.14,2586.64
0.2785274375475744,2023.14,2586.64,5445.76
1.1053412921782702,2586.64,5445.76,2793.71
-0.4869935509460571,5445.76,2793.71,1908.28
-0.31693697627885503,2793.71,1908.28,5464.65
1.8636520845997442,1908.28,5464.65,2245.2
-0.5891411160824572,5464.65,2245.2,3255.12
0.8972829297105728,2539.5,4818.15,2921.7
-0.39360542946981725,4818.15,2921.7,1801.2
-0.38350960057500766,2921.7,1801.2,2804.36
0.5569398178991783,1801.2,2804.36,4900.8
0.7475645066967151,2804.36,4900.8,8017.4
0.6359369898792032,4900.8,8017.4,3581.4
-0.5532965799386335,8017.4,3581.4,5285.14
0.475718992572737,3581.4,5285.14,3181.53
-0.39802351498730404,5285.14,3181.53,3340.51
0.049969668681420575,3181.53,3340.51,3138.34
-0.060520698935192546,3340.51,3138.34,4775.08
0.5215304906415492,3138.34,4775.08,3006.43
-0.37039170024376555,4775.08,3006.43,2866.26
-0.04662340383777425,3006.43,2866.26,6689.64
1.333926440727638,2866.26,6689.64,8798.119999999999
0.3151858694937244,6689.64,8798.119999999999,5160.76
-0.4134246861829572,8798.119999999999,5160.76,1978.62
-0.6166029809562933,5160.76,1978.62,4288.2
1.1672680959456592,1978.62,4288.2,2520.68
-0.41218226761811483,4288.2,2520.68,1781.22
0.15866024586954824,3065.04,3551.34,5544.02
0.5611065119081812,3551.34,5544.02,6034.33
0.08843943564417146,5544.02,6034.33,3641.57
-0.3965245520215169,6034.33,3641.57,6930.74
0.9032285525199294,3641.57,6930.74,14011.48
1.0216427105907884,6930.74,14011.48,2622.48
-0.8128334765492297,14011.48,2622.48,4417.38
0.6844284799121443,2622.48,4417.38,3606.02
-0.18367448578116444,4417.38,3606.02,3802.56
0.054503302810300545,3606.02,3802.56,5026.4
0.32184633510056376,3802.56,5026.4,6695.53
0.3320726563743435,5026.4,6695.53,2819.28
-0.5789310181568897,6695.53,2819.28,6490.84
1.302304134388922,2819.28,6490.84,7437.12
0.14578698596791784,6490.84,7437.12,5191.12
-0.3019986231229293,7437.12,5191.12,3862.88
-0.2558677125552867,5191.12,3862.88,1476.48
-0.6177774096011266,3862.88,1476.48,5273.73
2.5718262353706107,1476.48,5273.73,4872.03
0.8119416544692879,4556.99,8257.0,8209.44
-0.005759961245004177,8257.0,8209.44,3598.5
-0.5616631585102029,8209.44,3598.5,3837.24
0.06634431012922044,3598.5,3837.24,8331.61
1.171250690600536,3837.24,8331.61,4836.5
-0.4194999525901957,8331.61,4836.5,9152.89
0.8924614907474412,4836.5,9152.89,16762.75
0.8314160882519075,9152.89,16762.75,32174.77
0.9194207394371449,16762.75,32174.77,12228.29
-0.6199416499325403,32174.77,12228.29,5554.4
-0.5457745931769692,12228.29,5554.4,6407.86
0.15365476019011956,5554.4,6407.86,4172.52
-0.3488434516359595,6407.86,4172.52,7083.37
0.6976239778359359,4172.52,7083.37,7132.68
0.006961375729349222,7083.37,7132.68,10431.29
0.462464319161942,7132.68,10431.29,8741.15
-0.16202598144620667,10431.29,8741.15,16444.99
0.8813302597484315,8741.15,16444.99,2844.87
-0.8270068878120328,16444.99,2844.87,20969.079999999998
6.370839440818034,2844.87,20969.079999999998,20934.57
-0.0016457565138765459,20969.079999999998,20934.57,10388.48
-0.5037643476794603,20934.57,10388.48,7810.67
-0.24814121026367664,10388.48,7810.67,14133.58
0.8095221024572795,7810.67,14133.58,3353.02
-0.7627621593396718,14133.58,3353.02,8289.05
1.472114690637097,3353.02,8289.05,21607.86
-0.5353917923373595,4330.1,2011.8,4837.18
1.4044040163038076,2011.8,4837.18,2151.82
-0.5551499013888257,4837.18,2151.82,2573.46
0.19594575754477597,2151.82,2573.46,5344.5
1.0767760136159101,2573.46,5344.5,10588.1
0.9811207783702873,5344.5,10588.1,5614.56
-0.4697292243178663,10588.1,5614.56,1855.41
-0.6695359921347355,5614.56,1855.41,4598.4
1.478374052096302,1855.41,4598.4,5082.42
0.10525835073068904,4598.4,5082.42,5450.59
0.07243990067723645,5082.42,5450.59,4174.92
-0.23404255319148937,5450.59,4174.92,2418.24
-0.42076973930039385,4174.92,2418.24,6152.1
1.5440402937673683,2418.24,6152.1,6038.09
-0.018531883421921004,6152.1,6038.09,3814.64
-0.36823730683047123,6038.09,3814.64,2117.75
-0.4448362099700103,3814.64,2117.75,3340.48
0.5773722110730728,2117.75,3340.48,2154.0
-0.3551824887441326,3340.48,2154.0,5808.48
-0.13534972708345056,1777.1,1536.57,3510.0
1.284308557371288,1536.57,3510.0,3097.44
-0.11753846153846152,3510.0,3097.44,5566.61
0.7971647554109198,3097.44,5566.61,8164.6
0.46670954135461273,5566.61,8164.6,2839.32
-0.6522401587340471,8164.6,2839.32,2730.0
-0.03850217657749044,2839.32,2730.0,3540.53
0.29689743589743595,2730.0,3540.53,2999.97
-0.15267770644508036,3540.53,2999.97,1527.8
-0.4907282406157395,2999.97,1527.8,3907.8
1.5577955229742113,1527.8,3907.8,5701.16
0.4589180613132708,3907.8,5701.16,2171.07
-0.6191880248931796,5701.16,2171.07,7317.38
2.370402612536675,2171.07,7317.38,2773.8
-0.6209298956730415,7317.38,2773.8,2464.0
-0.11168793712596443,2773.8,2464.0,5491.6
-0.1279200804704683,4791.82,4178.85,3128.92
-0.2512485492420164,4178.85,3128.92,3095.4
-0.01071296166089257,3128.92,3095.4,3958.5
0.2788331071913161,3095.4,3958.5,4991.44
0.2609422761146898,3958.5,4991.44,8150.030000000001
0.6328013559213376,4991.44,8150.030000000001,2444.4
-0.7000747236513241,8150.030000000001,2444.4,4555.92
0.8638193421698576,2444.4,4555.92,3666.96
-0.1951219512195122,4555.92,3666.96,3035.88
-0.17209895935597877,3666.96,3035.88,2321.54
-0.23529915543433869,3035.88,2321.54,3474.46
0.49661862384451705,2321.54,3474.46,2501.98
-0.2798938540089683,3474.46,2501.98,7494.41
1.995391649813348,2501.98,7494.41,17005.55
1.2690979009688554,7494.41,17005.55,2604.25
-0.8468588196206532,17005.55,2604.25,3288.6
0.26278199097628874,2604.25,3288.6,8935.5
1.7171136653895274,3288.6,8935.5,4035.96
-0.5483229813664596,8935.5,4035.96,1875.09
-0.3902078250476595,4049.56,2469.39,5432.7
1.2000170082490007,2469.39,5432.7,4405.22
-0.1891287941539197,5432.7,4405.22,7424.49
0.685384611892255,4405.22,7424.49,11254.98
0.5159263464561202,7424.49,11254.98,5127.04
-0.5444647613767417,11254.98,5127.04,3745.28
-0.26950443140681557,5127.04,3745.28,4564.08
0.21862183868762808,3745.28,4564.08,6554.24
0.43604844787996705,4564.08,6554.24,6749.83
0.029841751293818986,6554.24,6749.83,8427.02
0.2484788505784591,6749.83,8427.02,10686.2
0.2680876513880352,8427.02,10686.2,6266.12
-0.41362504912878295,10686.2,6266.12,14444.52
1.305177685713009,6266.12,14444.52,3177.91
-0.7799919969649389,14444.52,3177.91,4142.64
0.30357373242162317,3177.91,4142.64,4149.07
0.001552150319602809,4142.64,4149.07,7397.0
-0.14575108946423998,6241.6,5331.88,5124.3
-0.03893185893155884,5331.88,5124.3,3639.44
-0.28976835860507777,5124.3,3639.44,11990.7
2.2946552216824565,3639.44,11990.7,16618.98
0.385989141584728,11990.7,16618.98,5735.8
-0.6548644983025432,16618.98,5735.8,6357.6
0.10840684821646504,5735.8,6357.6,7343.9
0.1551371586762299,6357.6,7343.9,5959.22
-0.18854831901305838,7343.9,5959.22,4029.38
-0.3238410395991422,5959.22,4029.38,5035.14
0.2496066392348203,4029.38,5035.14,8427.35
0.6737071858975122,5035.14,8427.35,3616.64
-0.5708449275276334,8427.35,3616.64,9733.14
1.6912106264377986,3616.64,9733.14,4808.38
-0.5059785434094238,9733.14,4808.38,2266.56
-0.5286229457738365,4808.38,2266.56,10468.9
3.6188497105746156,2266.56,10468.9,5589.14
-0.40259633301419645,2914.11,1740.9,2266.2
0.3017404790625537,1740.9,2266.2,3155.58
0.3924543288324068,2266.2,3155.58,1357.86
-0.5696955868651722,3155.58,1357.86,6784.200000000001
3.996244089965093,1357.86,6784.200000000001,2488.14
-0.6332448925444416,6784.200000000001,2488.14,2220.72
-0.10747787503918593,2488.14,2220.72,1357.72
-0.38861270218667815,2220.72,1357.72,1638.04
0.20646377750935388,1357.72,1638.04,2626.08
0.603184293423848,1638.04,2626.08,3835.48
0.4605343325412783,2626.08,3835.48,2182.05
-0.4310881558501152,3835.48,2182.05,2819.88
0.29230769230769227,2182.05,2819.88,6072.61
1.153499439692469,2819.88,6072.61,1657.57
-0.7270415850845025,6072.61,1657.57,2851.84
0.7204944587558898,1657.57,2851.84,4609.64
0.6163739901256733,2851.84,4609.64,5079.96
0.10202965958296085,4609.64,5079.96,1879.92
-0.4372526105477438,4774.86,2687.04,3423.75
0.2741715791354055,2687.04,3423.75,3455.76
0.00934939759036151,3423.75,3455.76,7222.549999999999
1.0900033567145864,3455.76,7222.549999999999,12844.14
0.7783386753985782,7222.549999999999,12844.14,2498.6
-0.8054677074525814,12844.14,2498.6,3858.75
0.5443648443128153,2498.6,3858.75,5600.5
0.4513767411726595,3858.75,5600.5,4103.46
-0.2673047049370592,5600.5,4103.46,4287.5
0.044849955890882316,4103.46,4287.5,5795.54
0.3517294460641399,4287.5,5795.54,1863.4
-0.6784768977524096,5795.54,1863.4,4166.88
1.2361704411291188,1863.4,4166.88,13422.0
2.2211150789079595,4166.88,13422.0,3374.6
-0.7485769631947549,13422.0,3374.6,3024.5
-0.10374562911159839,3374.6,3024.5,6077.950000000001
1.0095718300545546,3024.5,6077.950000000001,7307.42
0.2022836647224803,6077.950000000001,7307.42,6209.25
-0.4801196597176779,5348.5,2780.58,3447.0
0.23966942148760334,2780.58,3447.0,3791.52
0.09994778067885117,3447.0,3791.52,4524.1
0.19321538591382886,3791.52,4524.1,3337.6
-0.26226210738047356,4524.1,3337.6,15166.11
3.5440166586768935,3337.6,15166.11,6146.8
-0.5947016077293387,15166.11,6146.8,8258.0
0.3434632654389275,6146.8,8258.0,7238.28
-0.12348268345846455,8258.0,7238.28,6756.0
-0.06662908867852581,7238.28,6756.0,3734.0
-0.4473060982830077,6756.0,3734.0,4674.8
0.2519550080342796,3734.0,4674.8,7140.76
0.5275006417386839,4674.8,7140.76,7807.389999999999
0.09335560920686302,7140.76,7807.389999999999,11059.07
0.416487456115296,7807.389999999999,11059.07,6923.09
-0.373989856289905,11059.07,6923.09,7031.52
0.015662081527179378,6923.09,7031.52,5340.9
-0.24043450064850852,7031.52,5340.9,6376.58
0.19391488325937584,5340.9,6376.58,6896.75
0.31333214236924783,1903.22,2499.56,3081.24
0.2327129574805165,2499.56,3081.24,3598.22
0.16778310031026472,3081.24,3598.22,7304.35
1.029989828303995,3598.22,7304.35,7868.58
0.07724575081971695,7304.35,7868.58,2482.11
-0.6845542651914321,7868.58,2482.11,3602.02
0.4511927352131855,2482.11,3602.02,3566.94
-0.009738979794670748,3602.02,3566.94,3787.98
0.061969082743191635,3566.94,3787.98,3704.05
-0.02215692796688468,3787.98,3704.05,2834.65
-0.23471605404894644,3704.05,2834.65,3358.31
0.1847353288765808,2834.65,3358.31,9513.11
1.8327075225336558,3358.31,9513.11,2696.96
-0.7165007027144645,9513.11,2696.96,3376.64
0.252017085904129,2696.96,3376.64,541.14
-0.8397400966641395,3376.64,541.14,6134.7
-0.33757280118255734,3382.5,2240.66,3962.88
0.768621745378594,2240.66,3962.88,1685.28
-0.574733527131783,3962.88,1685.28,1834.36
0.08846007785056485,1685.28,1834.36,1916.98
0.04504023201552592,1834.36,1916.98,11331.78
4.911266679881898,1916.98,11331.78,3949.65
-0.651453699242308,11331.78,3949.65,3491.67
-0.11595457825376933,3949.65,3491.67,2059.19
-0.41025641025641024,3491.67,2059.19,3170.16
0.5395179658020871,2059.19,3170.16,1790.6
-0.4351704645822293,3170.16,1790.6,2345.97
0.31015860605383666,1790.6,2345.97,3580.88
0.5263963307288672,2345.97,3580.88,4946.06
0.38124148254060464,3580.88,4946.06,7127.76
0.44109857138813513,4946.06,7127.76,8798.689999999999
0.23442568212173226,7127.76,8798.689999999999,3023.1
-0.6564147617429412,8798.689999999999,3023.1,3562.49
0.17842281102179877,3023.1,3562.49,1640.24
-0.5395804619802441,3562.49,1640.24,4739.4
1.8894552016778032,1640.24,4739.4,1207.68
0.1388888888888889,4228.2,4815.45,7083.0
0.4708905709746753,4815.45,7083.0,4601.2
-0.3503882535648737,7083.0,4601.2,6467.02
0.4055072589759195,4601.2,6467.02,5012.55
-0.22490575257228215,6467.02,5012.55,11824.71
1.359020857647305,5012.55,11824.71,6658.02
-0.4369401025479694,11824.71,6658.02,4509.08
-0.32275961922613633,6658.02,4509.08,4716.23
0.04594063534024671,4509.08,4716.23,2390.22
-0.49319265599854123,4716.23,2390.22,4666.62
0.9523809523809526,2390.22,4666.62,5383.08
0.15352867814392432,4666.62,5383.08,2482.25
-0.538879228991581,5383.08,2482.25,5288.64
1.1305831402961024,2482.25,5288.64,5066.14
-0.04207130755733043,5288.64,5066.14,18851.18
2.7210144212358918,5066.14,18851.18,3559.64
-0.8111715022613969,18851.18,3559.64,1668.37
-0.5313093458889101,3559.64,1668.37,4890.6
1.931364145842949,1668.37,4890.6,9560.880000000001
0.2844978312333345,1938.89,2490.5,2314.69
-0.07059225055209795,2490.5,2314.69,1254.83
-0.4578842091165556,2314.69,1254.83,1282.8
0.022289871934843785,1254.83,1282.8,1345.75
0.04907234175241663,1282.8,1345.75,6002.2
3.460115177410366,1345.75,6002.2,1119.93
-0.8134134150811368,6002.2,1119.93,2082.88
0.8598305251221059,1119.93,2082.88,1569.75
-0.24635600706713784,2082.88,1569.75,2694.15
0.7162924032489251,1569.75,2694.15,1257.27
-0.5333333333333333,2694.15,1257.27,2567.84
1.0423934397543886,1257.27,2567.84,2634.28
0.025873886223440733,2567.84,2634.28,1502.78
-0.4295291312996341,2634.28,1502.78,3893.3500000000004
1.590765115319608,1502.78,3893.3500000000004,15859.460000000001
3.073474000539381,3893.3500000000004,15859.460000000001,5302.8
-0.6656380482059288,15859.460000000001,5302.8,2730.0
-0.4851776420004526,5302.8,2730.0,7827.3
1.8671428571428572,2730.0,7827.3,3652.0699999999997
-0.356139669944224,5565.12,3583.16,4705.18
0.313137007557575,3583.16,4705.18,4444.54
-0.05539426759443854,4705.18,4444.54,4618.88
0.039225656648382096,4444.54,4618.88,14713.279999999999
2.1854648746016343,4618.88,14713.279999999999,5673.58
-0.6143905369842754,14713.279999999999,5673.58,5260.15
-0.07286933470577665,5673.58,5260.15,6350.96
0.2073724133342206,5260.15,6350.96,3559.4
-0.439549296484311,6350.96,3559.4,2410.6
-0.3227510254537282,3559.4,2410.6,10014.24
3.154252053430681,2410.6,10014.24,7947.31
-0.2063990876991164,10014.24,7947.31,5356.8
-0.3259606080548009,7947.31,5356.8,20278.56
2.7855734767025093,5356.8,20278.56,4203.5
-0.7927121057905493,20278.56,4203.5,1629.04
-0.6124562864279767,4203.5,1629.04,3289.86
1.019508422138192,1629.04,3289.86,6862.94
-0.48418913984259065,2574.18,1327.79,2356.25
0.7745652550478616,1327.79,2356.25,3685.6
0.5641803713527851,2356.25,3685.6,7786.68
1.1127306273062731,3685.6,7786.68,3431.7
-0.5592858573872306,7786.68,3431.7,2084.75
-0.39250225835591684,3431.7,2084.75,2136.01
0.024588080105528345,2084.75,2136.01,2009.7
-0.05913361828830397,2136.01,2009.7,2719.8
0.3533363188535603,2009.7,2719.8,1575.08
-0.4208838885212149,2719.8,1575.08,1688.43
0.07196459862356207,1575.08,1688.43,1674.75
-0.008102201453421262,1688.43,1674.75,5122.16
2.0584624570831465,1674.75,5122.16,3751.0
-0.26769175504084214,5122.16,3751.0,4536.0
0.2092775259930685,3751.0,4536.0,4421.34
-0.025277777777777746,4536.0,4421.34,2078.28
-0.44157706093189963,3069.0,1713.8,1506.5
-0.12095927179367486,1713.8,1506.5,4636.66
2.0777696647859276,1506.5,4636.66,8493.76
0.8318703549537815,4636.66,8493.76,1249.4
-0.8529037787740648,8493.76,1249.4,3374.71
1.7010645109652631,1249.4,3374.71,1265.46
-0.6250166680988885,3374.71,1265.46,1681.46
0.32873421522608376,1265.46,1681.46,3204.0
0.9054868982907711,1681.46,3204.0,2398.72
-0.25133583021223477,3204.0,2398.72,2381.04
-0.007370597652081042,2398.72,2381.04,2273.7
-0.04508114101401075,2381.04,2273.7,5150.19
1.265114131151867,2273.7,5150.19,1267.77
-0.7538401495867143,5150.19,1267.77,3441.82
1.714861528510692,1267.77,3441.82,1987.18
-0.4226368607306599,3441.82,1987.18,3880.2
0.6785109286100455,1942.15,3259.92,1213.8
-0.6276595744680852,3259.92,1213.8,1086.6
-0.10479485912011868,1213.8,1086.6,1632.75
0.5026228602981779,1086.6,1632.75,1734.0
0.06201194304088195,1632.75,1734.0,6645.15
2.832266435986159,1734.0,6645.15,2294.18
-0.6547587338133827,6645.15,2294.18,1457.82
-0.36455727100750596,2294.18,1457.82,1955.88
0.3416471169280159,1457.82,1955.88,2314.4
0.18330367916232077,1955.88,2314.4,1310.96
-0.43356377462841345,2314.4,1310.96,2913.3
1.2222645999877952,1310.96,2913.3,1357.78
-0.5339374592386641,2913.3,1357.78,2150.0
0.583467130168363,1357.78,2150.0,5123.17
1.3828697674418604,2150.0,5123.17,7701.4
0.5032489649962815,5123.17,7701.4,4948.639999999999
-0.3574363102812476,7701.4,4948.639999999999,2431.75
-0.5086023634776423,4948.639999999999,2431.75,2018.72
-0.1698488742675028,2431.75,2018.72,1558.99
-0.22773341523341523,2018.72,1558.99,3679.7
0.20592111042783098,2845.75,3431.75,3273.9
-0.04599694033656295,3431.75,3273.9,4119.4
0.2582546809615442,3273.9,4119.4,11103.18
1.6953391270573388,4119.4,11103.18,7891.11
-0.28929279719864043,11103.18,7891.11,4351.23
-0.4485908826514901,7891.11,4351.23,2254.0
-0.48198555351015687,4351.23,2254.0,2921.28
0.2960425909494233,2254.0,2921.28,2299.0
-0.2130162120714208,2921.28,2299.0,2637.18
0.1470987385819921,2299.0,2637.18,4307.52
0.6333811116419815,2637.18,4307.52,2153.76
-0.5,4307.52,2153.76,3716.88
0.7257633162469355,2153.76,3716.88,5455.76
0.4678332364779062,3716.88,5455.76,2650.62
-0.5141611801105621,5455.76,2650.62,11349.21
3.281718994046676,2650.62,11349.21,4846.0
-0.5730099275632401,11349.21,4846.0,4197.1
-0.13390425092860084,4846.0,4197.1,4597.65
0.09543494317504926,4197.1,4597.65,5287.7
0.1500875447239351,4597.65,5287.7,3550.05
0.7386582100561644,1721.73,2993.5,1295.06
-0.5673759812928011,2993.5,1295.06,2671.95
1.0631862616403873,1295.06,2671.95,2355.63
-0.11838544882950644,2671.95,2355.63,5814.07
1.468159261004487,2355.63,5814.07,2241.45
-0.6144783258543499,5814.07,2241.45,2399.85
0.0706685404537242,2241.45,2399.85,1557.72
-0.3509094318394899,2399.85,1557.72,845.25
-0.45738001694784686,1557.72,845.25,1352.4
0.6000000000000001,845.25,1352.4,1584.8
0.17184265010351957,1352.4,1584.8,2616.0
0.6506814740030288,1584.8,2616.0,2218.5
-0.15194954128440366,2616.0,2218.5,4765.35
1.148005409060176,2218.5,4765.35,1463.0
-0.6929921202010346,4765.35,1463.0,3970.56
1.713984962406015,1463.0,3970.56,2576.0
-0.3512250161186331,3970.56,2576.0,2233.69
0.8743774278299834,2481.64,4651.53,3858.1
-0.17057398318402758,4651.53,3858.1,3501.6
-0.09240299629351235,3858.1,3501.6,6433.7
0.8373600639707562,3501.6,6433.7,2658.96
-0.5867137106175295,6433.7,2658.96,3608.76
0.35720732918133413,2658.96,3608.76,2214.67
-0.38630720801604984,3608.76,2214.67,2747.53
0.24060469505614837,2214.67,2747.53,3310.92
0.20505326602439275,2747.53,3310.92,2380.0
-0.28116656397617584,3310.92,2380.0,2310.88
-0.029042016806722644,2380.0,2310.88,4061.76
0.7576680744997577,2310.88,4061.76,3493.7
-0.1398556290868984,4061.76,3493.7,8050.280000000001
1.3042276096974557,3493.7,8050.280000000001,2008.44
-0.750513025633891,8050.280000000001,2008.44,4328.6
1.1552050347533411,2008.44,4328.6,6928.59
0.6006537910640852,4328.6,6928.59,3659.02
-0.4718954361565629,6928.59,3659.02,4165.61
-0.4941595441595441,1404.0,710.2,1702.8
1.3976344691636156,710.2,1702.8,1194.84
-0.29830866807610995,1702.8,1194.84,1007.14
-0.15709216296742656,1194.84,1007.14,3173.6499999999996
2.1511507834064774,1007.14,3173.6499999999996,1189.44
-0.625213870464607,3173.6499999999996,1189.44,683.8
-0.4251076136669358,1189.44,683.8,1226.82
0.7941210880374379,683.8,1226.82,974.82
-0.20540910647038677,1226.82,974.82,577.6
-0.4074803553476539,974.82,577.6,1106.93
0.9164300554016621,577.6,1106.93,1846.6599999999999
0.6682717064313007,1106.93,1846.6599999999999,7013.55
2.7979649746027966,1846.6599999999999,7013.55,9720.0
0.38588874393138994,7013.55,9720.0,834.67
-0.9141286008230453,9720.0,834.67,2257.92
1.7051649154755772,834.67,2257.92,8344.71
2.6957509566326525,2257.92,8344.71,1801.94
-0.7840619985595664,8344.71,1801.94,1209.6
-0.09707334698301812,3155.14,2848.86,3570.29
0.253234627184207,2848.86,3570.29,3902.41
0.09302325581395346,3570.29,3902.41,3661.55
-0.061720834048703155,3902.41,3661.55,5575.4
0.5226884789228604,3661.55,5575.4,1847.0
-0.6687233202998888,5575.4,1847.0,1851.0
0.002165674066053059,1847.0,1851.0,2633.78
0.422895732036737,1851.0,2633.78,3153.6
0.1973665226404634,2633.78,3153.6,2803.2
-0.11111111111111115,3153.6,2803.2,2311.02
-0.17557791095890407,2803.2,2311.02,2399.4
0.03824285380481351,2311.02,2399.4,2733.12
0.1390847711927981,2399.4,2733.12,2096.32
-0.23299379463763017,2733.12,2096.32,2971.34
0.4174076476873759,2096.32,2971.34,10150.39
2.4160984606271914,2971.34,10150.39,3595.62
-0.6457653351250543,10150.39,3595.62,2443.29
-0.3204815859295476,3595.62,2443.29,3988.6
0.6324709715179123,2443.29,3988.6,5168.4
0.2957930100787243,3988.6,5168.4,2803.2
-0.1815789100187504,6341.21,5189.78,6027.75
0.1614654185726563,5189.78,6027.75,3366.0
-0.4415826801045166,6027.75,3366.0,5456.4
0.6210338680926916,3366.0,5456.4,3812.16
-0.30134154387508244,5456.4,3812.16,13788.3
2.616925837320574,3812.16,13788.3,4301.15
-0.6880579911954339,13788.3,4301.15,6804.63
0.5820489868988528,4301.15,6804.63,5652.94
-0.1692509364947103,6804.63,5652.94,6960.48
0.23130264959472416,5652.94,6960.48,4512.6
-0.35168264257637394,6960.48,4512.6,2784.76
-0.3828923458759917,4512.6,2784.76,5316.36
0.9090909090909088,2784.76,5316.36,2941.89
-0.44663453942170955,5316.36,2941.89,7422.450000000001
1.523020915125991,2941.89,7422.450000000001,6420.42
-0.13499989895519682,7422.450000000001,6420.42,1711.22
-0.7334722650543111,6420.42,1711.22,3910.53
1.2852292516450254,1711.22,3910.53,2255.12
-0.42332113549825734,3910.53,2255.12,5720.75
1.5367829649863423,2255.12,5720.75,3335.23
-0.30057501940993786,2472.96,1729.65,995.5
-0.4244500332437199,1729.65,995.5,2414.72
1.4256353591160218,995.5,2414.72,1560.47
-0.35376772462231637,2414.72,1560.47,3264.28
1.0918569405371459,1560.47,3264.28,913.92
-0.7200240175475143,3264.28,913.92,2349.06
1.5703125,913.92,2349.06,1161.12
-0.5057086664453015,2349.06,1161.12,1764.75
0.5198687474162879,1161.12,1764.75,1690.9
-0.0418472871511545,1764.75,1690.9,2137.05
0.2638535691052103,1690.9,2137.05,2177.1
0.0187407875342176,2137.05,2177.1,2599.9700000000003
0.19423545082908472,2177.1,2599.9700000000003,8035.299999999999
2.090535660026846,2599.9700000000003,8035.299999999999,828.36
-0.8969098851318558,8035.299999999999,828.36,856.52
0.033994881452508535,828.36,856.52,1845.45
1.154590669219633,856.52,1845.45,4042.08
1.1902950499878078,1845.45,4042.08,1828.0
-0.20519906094101537,3680.28,2925.09,3415.77
0.16774868465585668,2925.09,3415.77,5105.14
0.4945795530729529,3415.77,5105.14,5098.8
-0.0012418856289935526,5105.14,5098.8,4661.76
-0.0857142857142857,5098.8,4661.76,12227.210000000001
1.6228741934376716,4661.76,12227.210000000001,6819.04
-0.4423061352508054,12227.210000000001,6819.04,3148.88
-0.5382223890752951,6819.04,3148.88,5704.32
0.811539340972028,3148.88,5704.32,3520.6
-0.38281863570066194,5704.32,3520.6,5285.62
0.5013406805658126,3520.6,5285.62,5605.05
0.060433780710683005,5285.62,5605.05,2779.5
-0.5041079026948913,5605.05,2779.5,5398.08
0.9421046950890448,2779.5,5398.08,8771.4
0.6249110794949315,5398.08,8771.4,15329.900000000001
0.7477141619353811,8771.4,15329.900000000001,5684.65
-0.6291789248462156,15329.900000000001,5684.65,3449.4
-0.39320802512028,5684.65,3449.4,2654.4
-0.23047486519394678,3449.4,2654.4,14008.54
0.19399160377587424,2060.45,2460.16,1787.56
-0.27339685223725285,2460.16,1787.56,1645.65
-0.07938754503345334,1787.56,1645.65,2169.18
0.3181296144380638,1645.65,2169.18,8537.21
2.9356853741967006,2169.18,8537.21,1338.12
-0.8432602688700407,8537.21,1338.12,2972.58
1.2214599587480945,1338.12,2972.58,2070.9
-0.30333245867226444,2972.58,2070.9,3092.6
0.49336037471630684,2070.9,3092.6,2408.7
-0.22114078768673612,3092.6,2408.7,5735.82
1.3812928135508782,2408.7,5735.82,2194.17
-0.6174618450369781,5735.82,2194.17,1346.4
-0.3863738908106482,2194.17,1346.4,9244.09
5.865782828282828,1346.4,9244.09,2896.65
-0.6866484424102319,9244.09,2896.65,2632.89
-0.09105691056910577,2896.65,2632.89,2046.0
-0.22290714765903624,2632.89,2046.0,2279.55
0.11414956011730214,2046.0,2279.55,2150.55
-0.30771176479340556,3360.45,2326.4,1545.6
-0.33562585969738656,2326.4,1545.6,7443.459999999999
3.8159032091097305,1545.6,7443.459999999999,8134.42
0.09282779782520509,7443.459999999999,8134.42,4527.04
-0.4434710772249282,8134.42,4527.04,3966.3
-0.12386460026860814,4527.04,3966.3,4142.58
0.04444444444444438,3966.3,4142.58,4441.5
0.07215793056501023,4142.58,4441.5,3315.12
-0.2536035123269166,4441.5,3315.12,3918.53
0.18201754385964922,3315.12,3918.53,2830.45
-0.27767555690526813,3918.53,2830.45,2620.8
-0.07406949425003079,2830.45,2620.8,8439.83
2.2203258547008544,2620.8,8439.83,4107.2
-0.5133551268212748,8439.83,4107.2,1350.0
-0.6713089209193611,4107.2,1350.0,7182.0
4.32,1350.0,7182.0,3933.93
-0.5859504132231405,1742.4,721.44,1489.41
1.064496007984032,721.44,1489.41,891.03
-0.40175640018530834,1489.41,891.03,1209.3
0.35719336049291267,891.03,1209.3,859.14
-0.28955594145373353,1209.3,859.14,3393.16
2.9494843680890193,859.14,3393.16,1247.4
-0.6323780782515412,3393.16,1247.4,846.51
-0.32138047138047143,1247.4,846.51,1085.04
0.28178048694049684,846.51,1085.04,1767.43
0.628907690039077,1085.04,1767.43,1030.44
-0.4169839823925134,1767.43,1030.44,1585.36
0.5385272310857496,1030.44,1585.36,813.2
-0.48705656759348026,1585.36,813.2,1172.34
0.4416379734382684,813.2,1172.34,2958.63
1.5236961973488923,1172.34,2958.63,4563.389999999999
0.5423996917492215,2958.63,4563.389999999999,4322.52
-0.05278312833222648,4563.389999999999,4322.52,5545.8
0.2830015824102606,4322.52,5545.8,6089.6
0.09805618666378163,5545.8,6089.6,1789.4
-0.7061547556489753,6089.6,1789.4,2112.54
-0.3322256594121313,3659.32,2443.6,2349.9
-0.038345064658700204,2443.6,2349.9,1646.19
-0.2994638069705094,2349.9,1646.19,3137.74
0.9060618762111298,1646.19,3137.74,7526.32
1.3986436097318453,3137.74,7526.32,3535.03
-0.5303109620637974,7526.32,3535.03,2608.96
-0.2619694882363092,3535.03,2608.96,1356.4
-0.48009934993254016,2608.96,1356.4,1611.36
0.187968150987909,1356.4,1611.36,2603.2
0.6155297388541356,1611.36,2603.2,2219.7
-0.14731868469575907,2603.2,2219.7,1496.25
-0.32592242194891197,2219.7,1496.25,1884.0
0.25914786967418546,1496.25,1884.0,11208.75
4.9494426751592355,1884.0,11208.75,1867.0
-0.8334337013493922,11208.75,1867.0,2676.72
0.4337011247991429,1867.0,2676.72,3793.84
0.4173466033055383,2676.72,3793.84,1479.84
-0.6099361069523227,3793.84,1479.84,1424.22
-0.6047392583318187,5942.28,2348.75,4392.12
0.86998190526876,2348.75,4392.12,8308.7
0.8917288234383398,4392.12,8308.7,8176.16
-0.01595195397595302,8308.7,8176.16,4242.0
-0.4811745367018258,8176.16,4242.0,2790.45
-0.34218528995756725,4242.0,2790.45,4340.49
0.5554802988765253,2790.45,4340.49,2762.2
-0.36362023642491975,4340.49,2762.2,4645.72
0.6818912461081749,2762.2,4645.72,5580.96
0.20131217550777913,4645.72,5580.96,6539.04
0.17166939021243655,5580.96,6539.04,4595.41
-0.2972347622892657,6539.04,4595.41,3953.2000000000003
-0.13975031607625862,4595.41,3953.2000000000003,4223.13
0.06828139228979051,3953.2000000000003,4223.13,1596.76
-0.6219012912223871,4223.13,1596.76,5820.35
2.645100077657256,1596.76,5820.35,5296.5
0.2970673541733807,930.9,1207.44,717.4
-0.4058503942224873,1207.44,717.4,1066.75
0.4869668246445498,717.4,1066.75,3203.2799999999997
2.002840403093508,1066.75,3203.2799999999997,3774.13
0.17820796183911503,3203.2799999999997,3774.13,777.0
-0.7941247386814975,3774.13,777.0,1476.28
0.89997425997426,777.0,1476.28,1538.46
0.04211938114720789,1476.28,1538.46,891.2
-0.4207194207194207,1538.46,891.2,1706.8
0.9151705565529622,891.2,1706.8,1373.6
-0.19521912350597612,1706.8,1373.6,2632.99
0.9168535235876528,1373.6,2632.99,1383.03
-0.47473024964014293,2632.99,1383.03,3945.59
1.8528593016781996,1383.03,3945.59,1386.72
-0.648539255219118,3945.59,1386.72,5018.4
2.61889927310488,1386.72,5018.4,5856.85
0.16707516339869297,5018.4,5856.85,4894.73
-0.16427260387409626,5856.85,4894.73,2094.32
-0.5721275739417699,4894.73,2094.32,640.05
-0.03971166612390095,3193.52,3066.7,3883.11
0.2662177585026251,3066.7,3883.11,4814.25
0.23979233140446699,3883.11,4814.25,4419.47
-0.0820023887417562,4814.25,4419.47,9630.05
1.1790056273716076,4419.47,9630.05,1788.0
-0.8143311820810899,9630.05,1788.0,3328.07
0.8613366890380314,1788.0,3328.07,3788.4
0.1383174031796206,3328.07,3788.4,3053.7
-0.19393411466582205,3788.4,3053.7,2005.74
-0.3431771293840259,3053.7,2005.74,2796.12
0.3940590505249932,2005.74,2796.12,3159.96
0.13012317067937004,2796.12,3159.96,3908.62
0.23692072051544952,3159.96,3908.62,4688.24
0.19946170259580107,3908.62,4688.24,14277.85
2.0454605566267943,4688.24,14277.85,3021.0
-0.7884135216436648,14277.85,3021.0,1891.56
-0.37386295928500496,3021.0,1891.56,4208.41
1.2248355854427033,1891.56,4208.41,2246.4
-0.4662117046580537,4208.41,2246.4,6107.4
1.0470282833771019,1987.74,4068.96,2282.22
-0.43911466320632303,4068.96,2282.22,5116.04
1.241694490452279,2282.22,5116.04,7388.17
0.444118888828078,5116.04,7388.17,3184.8
-0.568932496139098,7388.17,3184.8,2149.74
-0.3250000000000001,3184.8,2149.74,3184.8
0.48148148148148173,2149.74,3184.8,2114.58
-0.3360399397136398,3184.8,2114.58,4256.56
1.012957655893842,2114.58,4256.56,2344.98
-0.4490903452553236,4256.56,2344.98,2328.66
-0.006959547629404158,2344.98,2328.66,2076.0
-0.10850016747829218,2328.66,2076.0,8169.72
2.935317919075145,2076.0,8169.72,3662.52
-0.5516957741513786,8169.72,3662.52,3478.64
-0.05020586918296695,3662.52,3478.64,1057.29
-0.6960622542142907,3478.64,1057.29,3385.9
-0.09775381850853539,1892.1,1707.14,1785.51
0.045907189802828055,1707.14,1785.51,2057.4
0.15227582035384854,1785.51,2057.4,5312.18
1.581986973850491,2057.4,5312.18,6094.58
0.14728416582269419,5312.18,6094.58,2206.6
-0.6379405963987674,6094.58,2206.6,2351.04
0.06545817094172032,2206.6,2351.04,1205.04
-0.4874438546345447,2351.04,1205.04,2935.15
1.435728274580097,1205.04,2935.15,1263.84
-0.5694121254450369,2935.15,1263.84,2935.15
1.322406317255349,1263.84,2935.15,2584.0
-0.1196361344394665,2935.15,2584.0,2163.72
-0.16264705882352948,2584.0,2163.72,7668.08
2.543933595844195,2163.72,7668.08,2747.8
-0.6416573640337607,7668.08,2747.8,2447.76
-0.10919280879248852,2747.8,2447.76,1910.84
-0.2193515704154003,2447.76,1910.84,2430.64
0.2720269619643717,1910.84,2430.64,2896.3
-0.10486937323684534,1630.6,1459.6,1716.22
0.17581529186078387,1459.6,1716.22,2560.47
0.4919241122932956,1716.22,2560.47,3920.1
0.5310079790038549,2560.47,3920.1,5373.21
0.37068187036045,3920.1,5373.21,2793.24
-0.480154321159977,5373.21,2793.24,3025.05
0.08298964643210051,2793.24,3025.05,1742.5
-0.42397646319895543,3025.05,1742.5,3236.1
0.8571592539454805,1742.5,3236.1,1735.92
-0.46357652730138127,3236.1,1735.92,2795.13
0.6101721277478225,1735.92,2795.13,1671.52
-0.4019884584974581,2795.13,1671.52,1576.74
-0.056702881209916706,1671.52,1576.74,7966.32
4.0523992541573115,1576.74,7966.32,6470.360000000001
-0.18778557728035017,7966.32,6470.360000000001,3036.0
-0.5307834494525807,6470.360000000001,3036.0,4668.38
0.5376745718050067,3036.0,4668.38,2173.6
-0.5343995133215377,4668.38,2173.6,1254.6
0.39699604233679336,3724.42,5203.0,3469.5
-0.3331731693253892,5203.0,3469.5,5268.34
0.518472402363453,3469.5,5268.34,13977.289999999999
1.653072884437982,5268.34,13977.289999999999,4368.96
-0.6874243862723031,13977.289999999999,4368.96,4039.26
-0.07546418369589097,4368.96,4039.26,4420.32
0.09433906210543502,4039.26,4420.32,2341.71
-0.47023971115213375,4420.32,2341.71,5110.98
1.182584521567572,2341.71,5110.98,6168.0
0.20681356608713017,5110.98,6168.0,4873.26
-0.20991245136186767,6168.0,4873.26,4236.14
-0.13073794544103945,4873.26,4236.14,5534.41
0.3064747624016202,4236.14,5534.41,1991.6
-0.6401423096590242,5534.41,1991.6,3953.18
0.9849266921068488,1991.6,3953.18,3729.39
-0.056610121471827736,3953.18,3729.39,2617.16
-0.20422994853771814,3983.5,3169.95,3899.5
0.23014558589252204,3169.95,3899.5,1851.73
-0.5251365559687139,3899.5,1851.73,4945.35
1.670664729739217,1851.73,4945.35,6494.32
0.3132174669133629,4945.35,6494.32,1974.06
-0.6960328410056789,6494.32,1974.06,3703.46
0.8760625310274258,1974.06,3703.46,1755.13
-0.5260837163085331,3703.46,1755.13,4273.29
1.4347427256100687,1755.13,4273.29,3984.96
-0.06747260307631824,4273.29,3984.96,2407.68
-0.39580823897855943,3984.96,2407.68,1697.3
-0.295047514619883,2407.68,1697.3,2011.02
0.18483473752430332,1697.3,2011.02,6644.37
2.3039800698153177,2011.02,6644.37,1508.5
-0.7729656837292325,6644.37,1508.5,2394.3
0.587205833609546,1508.5,2394.3,3164.98
0.3218811343607734,2394.3,3164.98,3351.09
0.05880289922843118,3164.98,3351.09,3064.32
-0.08557514122270664,3351.09,3064.32,3891.81
0.00847342534135958,5448.8,5494.97,6336.07
0.15306725969386537,5494.97,6336.07,2906.97
-0.5412029854468149,6336.07,2906.97,12491.2
3.296982769000025,2906.97,12491.2,14000.66
0.12084187267836549,12491.2,14000.66,6996.42
-0.5002792725485798,14000.66,6996.42,6949.67
-0.006681988788551859,6996.42,6949.67,4550.0
-0.34529265418357996,6949.67,4550.0,4479.63
-0.015465934065934042,4550.0,4479.63,5148.0
0.14920205463397643,4479.63,5148.0,2932.08
-0.43044289044289047,5148.0,2932.08,7457.07
1.5432696242940165,2932.08,7457.07,5497.65
-0.2627600384601459,7457.07,5497.65,12202.35
1.2195574472729258,5497.65,12202.35,5302.72
-0.5654345269558733,12202.35,5302.72,2931.98
-0.4470799891376501,5302.72,2931.98,1757.91
-0.4004358829187102,2931.98,1757.91,6763.05
2.847210608051607,1757.91,6763.05,11739.7
0.7358588210940331,6763.05,11739.7,9240.0
-0.39283664969921334,3241.5,1968.12,4094.5
1.0804117635103552,1968.12,4094.5,1853.32
-0.5473635364513373,4094.5,1853.32,5364.38
1.8944704638162868,1853.32,5364.38,5016.07
-0.06493015036220409,5364.38,5016.07,2018.4
-0.5976132709471758,5016.07,2018.4,2718.72
0.3469678953626633,2018.4,2718.72,1981.65
-0.2711091984463276,2718.72,1981.65,3002.4
0.5151010521535084,1981.65,3002.4,2948.16
-0.01806554756195052,3002.4,2948.16,3357.49
0.13884253229132745,2948.16,3357.49,1175.16
-0.6499885331006199,3357.49,1175.16,2292.8
0.9510534735695565,1175.16,2292.8,3286.49
0.43339584787159785,2292.8,3286.49,9370.15
1.8511116723312715,3286.49,9370.15,5729.5599999999995
-0.38853059983031224,9370.15,5729.5599999999995,2847.0
-0.5031032051326803,5729.5599999999995,2847.0,5803.96
1.0386231120477696,2847.0,5803.96,3843.2
-0.3378314116568688,5803.96,3843.2,1351.08
-0.020408163265306138,1689.03,1654.56,1528.58
-0.07614108886954842,1654.56,1528.58,1013.48
-0.3369794188069973,1528.58,1013.48,1442.26
0.423076923076923,1013.48,1442.26,3037.69
1.1062013783922455,1442.26,3037.69,1295.97
-0.5733698962040235,3037.69,1295.97,1534.72
0.18422494347862992,1295.97,1534.72,1185.3
-0.2276767097581318,1534.72,1185.3,1698.78
0.4332067830928879,1185.3,1698.78,1381.05
-0.18703422456115568,1698.78,1381.05,1340.46
-0.02939068100358417,1381.05,1340.46,2059.0299999999997
0.5360622472882441,1340.46,2059.0299999999997,5310.52
1.579136777997407,2059.0299999999997,5310.52,1717.64
-0.6765589810414046,5310.52,1717.64,4086.29
1.3790142288255975,1717.64,4086.29,553.95
-0.8644369342361898,4086.29,553.95,652.35
0.9060110486647821,2921.62,5568.64,1939.8
-0.6516564188024365,5568.64,1939.8,3784.8
0.9511289823693165,1939.8,3784.8,2802.09
-0.25964648065948004,3784.8,2802.09,2384.64
-0.14897808421571052,2802.09,2384.64,12411.26
4.2046682098765435,2384.64,12411.26,2980.6
-0.7598471065790258,12411.26,2980.6,5032.74
0.6884989599409514,2980.6,5032.74,4737.15
-0.058733413607696836,5032.74,4737.15,6311.2
0.33227784638442953,4737.15,6311.2,3070.54
-0.513477627075675,6311.2,3070.54,4797.39
0.5623929341418774,3070.54,4797.39,3832.38
-0.20115312701281324,4797.39,3832.38,8641.74
1.254927747248446,3832.38,8641.74,9944.45
0.15074626174821285,8641.74,9944.45,5786.01
-0.41816691722518595,9944.45,5786.01,1408.96
-0.7564884955262781,5786.01,1408.96,1972.11
0.39969197138314777,1408.96,1972.11,5207.75
1.6406995552986399,1972.11,5207.75,4253.2
-0.21556561085972856,2873.0,2253.68,3576.12
0.586791381207625,2253.68,3576.12,3276.13
-0.0838870060288804,3576.12,3276.13,1811.4
-0.4470915378815859,3276.13,1811.4,3845.1
1.1227227558794302,1811.4,3845.1,9885.25
1.5708694182205925,3845.1,9885.25,3213.87
-0.6748822740952429,9885.25,3213.87,3532.23
0.09905814485340109,3213.87,3532.23,3406.59
-0.03556959767625548,3532.23,3406.59,3467.2
0.01779198553392092,3406.59,3467.2,3628.94
0.046648592524227116,3467.2,3628.94,4674.72
0.28817781500934164,3628.94,4674.72,1656.69
-0.6456065817845775,4674.72,1656.69,5171.4
2.1215254513517916,1656.69,5171.4,8227.45
0.590952159956685,5171.4,8227.45,12653.939999999999
0.5380148162553401,8227.45,12653.939999999999,6847.0
-0.45890370904240096,12653.939999999999,6847.0,3476.8
-0.4922155688622754,6847.0,3476.8,4592.61
0.32093016566958105,3476.8,4592.61,2208.92
0.49551804845092173,1657.76,2479.21,3565.92
0.43832914517124405,2479.21,3565.92,2797.41
-0.21551521066092347,3565.92,2797.41,3756.0
0.34267054167962513,2797.41,3756.0,2840.0
-0.24387646432374868,3756.0,2840.0,1716.26
-0.3956830985915493,2840.0,1716.26,3245.6
0.8910887627748709,1716.26,3245.6,2760.94
-0.14932832141976826,3245.6,2760.94,1808.4
-0.34500568646910107,2760.94,1808.4,1682.37
-0.06969143994691451,1808.4,1682.37,1491.0
-0.11375024518982145,1682.37,1491.0,1666.35
0.11760563380281684,1491.0,1666.35,3666.08
1.2000660125423832,1666.35,3666.08,8923.98
1.4342021996246672,3666.08,8923.98,4708.0
-0.4724327037935988,8923.98,4708.0,10039.6
1.1324553950722176,4708.0,10039.6,6688.25
-0.3338131001235109,10039.6,6688.25,4219.28
-0.36915037565880465,6688.25,4219.28,3581.76
-0.03143177731559958,2130.01,2063.06,2008.13
-0.02662549804659091,2063.06,2008.13,2004.77
-0.0016731984483076927,2008.13,2004.77,1543.3
-0.23018600637479614,2004.77,1543.3,7178.6
3.6514611546685676,1543.3,7178.6,2027.52
-0.71756052712228,7178.6,2027.52,3235.18
0.5956340751262625,2027.52,3235.18,2062.94
-0.36234150804592014,3235.18,2062.94,3317.78
0.6082775068591428,2062.94,3317.78,3913.69
0.17961106523036482,3317.78,3913.69,7133.4400000000005
0.8226890734830813,3913.69,7133.4400000000005,2586.88
-0.6373586937017764,7133.4400000000005,2586.88,4753.49
0.8375378834735278,2586.88,4753.49,12498.77
1.6293880916968377,4753.49,12498.77,2670.92
-0.786305372448649,12498.77,2670.92,5154.41
0.9298256780435205,2670.92,5154.41,4894.17
-0.050488804732258356,5154.41,4894.17,2472.6
0.13745886716847946,3224.31,3667.52,4141.33
0.1291908428583893,3667.52,4141.33,2829.58
-0.31674606949941203,4141.33,2829.58,3068.55
0.08445422995638938,2829.58,3068.55,2634.96
-0.14130126607029384,3068.55,2634.96,10643.07
3.039177065306494,2634.96,10643.07,3964.1
-0.6275416773543724,10643.07,3964.1,2244.9
-0.4336923891930072,3964.1,2244.9,2793.0
0.24415341440598684,2244.9,2793.0,4133.64
0.4800000000000001,2793.0,4133.64,3900.6
-0.056376462391500085,4133.64,3900.6,2743.04
-0.2967646003178998,3900.6,2743.04,2402.07
-0.12430369225384967,2743.04,2402.07,2178.54
-0.09305723813211113,2402.07,2178.54,5521.32
1.534412955465587,2178.54,5521.32,13096.82
1.3720450906667248,5521.32,13096.82,4428.0
-0.6619026603404491,13096.82,4428.0,4044.04
-0.08671183378500452,4428.0,4044.04,2708.42
-0.33026874115983024,4044.04,2708.42,6458.6
0.32473627556512386,1858.0,2461.36,2642.01
0.07339438359281052,2461.36,2642.01,3098.7
0.17285702930723182,2642.01,3098.7,3244.36
0.047006809307128895,3098.7,3244.36,4351.16
0.34114586544033326,3244.36,4351.16,3675.86
-0.15519999264563927,4351.16,3675.86,2475.27
-0.32661472417339077,3675.86,2475.27,4177.49
0.6876906357690271,2475.27,4177.49,3282.28
-0.21429375055356198,4177.49,3282.28,2477.21
-0.2452776728371742,3282.28,2477.21,1883.93
-0.2394952385950323,2477.21,1883.93,3658.93
0.9421793803379105,1883.93,3658.93,2856.88
-0.2192034283246741,3658.93,2856.88,1917.84
-0.32869423987006813,2856.88,1917.84,14664.16
6.646185291786593,1917.84,14664.16,3733.82
-0.7453778463955658,14664.16,3733.82,6576.5
0.7613328976758386,3733.82,6576.5,6353.27
-0.03394358701436928,6576.5,6353.27,4175.6
-0.3427636476963831,6353.27,4175.6,4992.61
0.19566289874509035,4175.6,4992.61,4764.6
0.1801218940459446,1173.15,1384.46,1327.59
-0.041077387573494446,1384.46,1327.59,1109.8
-0.164049141677777,1327.59,1109.8,1239.0
0.11641737249954952,1109.8,1239.0,4098.76
2.308119451170299,1239.0,4098.76,1731.84
-0.5774722111077496,4098.76,1731.84,1695.49
-0.02098923688100512,1731.84,1695.49,1045.98
-0.383080997233838,1695.49,1045.98,1738.08
0.6616761314747891,1045.98,1738.08,651.8
-0.6249884930498021,1738.08,651.8,2506.58
2.8456274930960417,651.8,2506.58,1013.76
-0.5955604848039959,2506.58,1013.76,1549.8
0.5287642045454545,1013.76,1549.8,8924.1
4.758226867982966,1549.8,8924.1,1513.54
-0.8303985836106722,8924.1,1513.54,2317.44
0.5311389193546256,1513.54,2317.44,3298.4
0.42329466998066834,2317.44,3298.4,1826.96
-0.44610720349260247,3298.4,1826.96,1206.9
-0.06375472490550188,1666.7,1560.44,2337.75
0.4981351413703827,1560.44,2337.75,1103.76
-0.5278537054860443,2337.75,1103.76,2617.85
1.3717565412770891,1103.76,2617.85,2207.52
-0.1567431289034895,2617.85,2207.52,6622.19
1.9998323910995144,2207.52,6622.19,1621.62
-0.755123305130176,6622.19,1621.62,1931.65
0.19118535785202465,1621.62,1931.65,1244.53
-0.35571661532886395,1931.65,1244.53,1704.5
0.36959334045784353,1244.53,1704.5,1753.2
0.0285714285714286,1704.5,1753.2,1666.7
-0.049338352726443074,1753.2,1666.7,1710.89
0.02651346973060542,1666.7,1710.89,2326.5
0.35981857395858285,1710.89,2326.5,4043.1
0.737846550612508,2326.5,4043.1,11268.12
1.78700007420049,4043.1,11268.12,7894.17
-0.29942439377642416,11268.12,7894.17,1329.4
-0.83159724201531,7894.17,1329.4,1701.76
0.28009628403791176,1329.4,1701.76,2259.72
0.3278723204212109,1701.76,2259.72,1407.4299999999998
-0.46980911690621296,3227.63,1711.26,2054.36
0.20049554129705605,1711.26,2054.36,3131.94
0.5245331879514787,2054.36,3131.94,1681.35
-0.46316021379719924,3131.94,1681.35,2351.36
0.39849525678770054,1681.35,2351.36,5658.04
1.406284022863364,2351.36,5658.04,2544.75
-0.5502417798389548,5658.04,2544.75,1056.4
-0.5848708124570193,2544.75,1056.4,2801.4
1.651836425596365,1056.4,2801.4,1988.4
-0.2902120368387235,2801.4,1988.4,2908.35
0.46265841882920933,1988.4,2908.35,2147.4
-0.2616431997524369,2908.35,2147.4,2099.63
-0.02224550619353636,2147.4,2099.63,4642.33
1.211022894509985,2099.63,4642.33,8003.41
0.7240071257321216,4642.33,8003.41,8707.619999999999
0.08798874479752994,8003.41,8707.619999999999,2986.5
-0.6570245371295486,8707.619999999999,2986.5,1587.08
-0.46858195211786374,2986.5,1587.08,1808.4
0.1394510673690048,1587.08,1808.4,1193.04
-0.5369386046101635,3403.35,1575.96,1630.2
0.03441711718571538,1575.96,1630.2,1701.28
0.04360201202306461,1630.2,1701.28,2850.82
0.6756912442396314,1701.28,2850.82,2692.06
-0.055689240288759094,2850.82,2692.06,7484.4400000000005
1.7801906346812482,2692.06,7484.4400000000005,2117.52
-0.7170770291431289,7484.4400000000005,2117.52,2419.95
0.14282273603082843,2117.52,2419.95,2191.2
-0.0945267464203806,2419.95,2191.2,3043.04
0.38875502008032137,2191.2,3043.04,1228.2
-0.5963904516536095,3043.04,1228.2,1330.35
0.08317049340498278,1228.2,1330.35,2792.52
1.099086706505807,1330.35,2792.52,2296.0
-0.17780356094137195,2792.52,2296.0,4541.6
0.9780487804878051,2296.0,4541.6,13781.2
2.03443720274793,4541.6,13781.2,5669.64
-0.5885960583983978,13781.2,5669.64,3160.25
-0.4426012939093135,5669.64,3160.25,6799.68
1.1516272446800095,3160.25,6799.68,4569.36
-0.12952758523246732,2406.36,2094.67,2797.9
0.335723526856259,2094.67,2797.9,1637.2
-0.4148468494227814,2797.9,1637.2,2281.91
0.393788174932812,1637.2,2281.91,2307.24
0.011100350145273007,2281.91,2307.24,1320.8
-0.42754113139508676,2307.24,1320.8,2642.82
1.0009236826165961,1320.8,2642.82,3061.0
0.1582324940782951,2642.82,3061.0,3164.4
0.033779810519438125,3061.0,3164.4,1791.16
-0.43396536468208824,3164.4,1791.16,4093.0
1.2851113245047903,1791.16,4093.0,2234.4
-0.4540923527974591,4093.0,2234.4,3037.84
0.35957751521661296,2234.4,3037.84,5675.16
0.868156321596924,3037.84,5675.16,5324.57
-0.06177623185954231,5675.16,5324.57,3619.44
-0.32023806617247963,5324.57,3619.44,5401.969999999999
0.49248778816612493,3619.44,5401.969999999999,4819.26
-0.10786990671921524,5401.969999999999,4819.26,1591.72
-0.4090926431557205,3669.78,2168.5,2694.0
0.24233341019137652,2168.5,2694.0,3251.34
0.20688195991091318,2694.0,3251.34,2347.15
-0.27809764589369307,3251.34,2347.15,10035.72
3.2757045778923373,2347.15,10035.72,4040.03
-0.5974349623146121,10035.72,4040.03,3336.9
-0.17404078682584043,4040.03,3336.9,3113.64
-0.06690641014114904,3336.9,3113.64,2832.0
-0.09045361698847647,3113.64,2832.0,3330.98
0.17619350282485877,2832.0,3330.98,6904.900000000001
1.0729334910446777,3330.98,6904.900000000001,4382.16
-0.36535503772683176,6904.900000000001,4382.16,4235.0
-0.033581612720667404,4382.16,4235.0,9854.98
1.3270318772136953,4235.0,9854.98,4326.8
-0.5609529395290502,9854.98,4326.8,3425.18
-0.20838032726264222,4326.8,3425.18,4701.88
0.37273953485656236,3425.18,4701.88,2204.1
-0.5312300611670225,4701.88,2204.1,5189.4
0.5840470032250856,1565.85,2480.38,1355.13
-0.45366032624033414,2480.38,1355.13,1246.44
-0.08020632706825179,1355.13,1246.44,3313.04
1.6580019896665703,1246.44,3313.04,1113.6
-0.6638736628594886,3313.04,1113.6,1763.86
0.5839260057471265,1113.6,1763.86,1896.66
0.07528942206297563,1763.86,1896.66,1449.35
-0.23584089926502386,1896.66,1449.35,1869.48
0.28987477144927043,1449.35,1869.48,1860.53
-0.0047874275199520965,1869.48,1860.53,1724.82
-0.07294158116235698,1860.53,1724.82,1713.69
-0.006452847253626397,1724.82,1713.69,1259.44
-0.26507127893609694,1713.69,1259.44,2051.08
0.628565076541955,1259.44,2051.08,5407.8
1.6365622013768357,2051.08,5407.8,6013.87
0.1120733015274233,5407.8,6013.87,3224.2
-0.4638726809857879,6013.87,3224.2,5007.72
0.5531666770051488,3224.2,5007.72,1979.6
-0.6046903580871136,5007.72,1979.6,1921.41
-0.23246267448262461,3705.24,2843.91,6176.42
1.1718057181837682,2843.91,6176.42,5500.44
-0.10944527736131941,6176.42,5500.44,3220.1
-0.4145741067987288,5500.44,3220.1,4556.16
0.41491258035464734,3220.1,4556.16,13224.259999999998
1.9025012291052112,4556.16,13224.259999999998,2657.76
-0.7990239151377846,13224.259999999998,2657.76,3983.05
0.4986492384564445,2657.76,3983.05,3974.94
-0.002036128092793243,3983.05,3974.94,2928.42
-0.2632794457274827,3974.94,2928.42,3054.57
0.04307783719548428,2928.42,3054.57,3345.26
0.09516560432401289,3054.57,3345.26,4310.72
0.2886053699861894,3345.26,4310.72,4983.14
0.15598786281642046,4310.72,4983.14,8021.44
0.6097159622246212,4983.14,8021.44,8331.99
0.03871499381657161,8021.44,8331.99,7110.1
-0.14665044005093614,8331.99,7110.1,2714.4
-0.6182332175356184,7110.1,2714.4,3087.05
0.13728632478632483,2714.4,3087.05,5692.96
0.8441424661084206,3087.05,5692.96,5356.8
-0.39422129994372535,1705.92,1033.41,3179.52
2.0767265654483693,1033.41,3179.52,2091.18
-0.34229695048309183,3179.52,2091.18,1779.71
-0.14894461500205616,2091.18,1779.71,2537.64
0.4258727545498985,1779.71,2537.64,6277.26
1.4736605665106164,2537.64,6277.26,1968.3
-0.686439624931897,6277.26,1968.3,2056.2
0.0446578265508306,1968.3,2056.2,2242.02
0.09037058651882121,2056.2,2242.02,3128.65
0.3954603437971116,2242.02,3128.65,2443.26
-0.2190689274926885,3128.65,2443.26,2470.86
0.011296382701800016,2443.26,2470.86,1927.45
-0.2199274746444558,2470.86,1927.45,4388.9400000000005
1.27707074113466,1927.45,4388.9400000000005,8229.73
0.8751065177468816,4388.9400000000005,8229.73,8114.13
-0.014046633364642517,8229.73,8114.13,1405.92
-0.8267318862280983,8114.13,1405.92,2282.28
0.6233356094230114,1405.92,2282.28,8977.05
2.93336926231663,2282.28,8977.05,3256.35
0.1671852739167725,2821.66,3293.4,4224.0
0.282565130260521,3293.4,4224.0,3091.68
-0.26806818181818187,4224.0,3091.68,2219.6
-0.28207317704290225,3091.68,2219.6,8499.96
2.8295008109569286,2219.6,8499.96,3222.0
-0.6209393926559654,8499.96,3222.0,3864.5
0.1994103041589075,3222.0,3864.5,1366.8
-0.6463190580928968,3864.5,1366.8,3475.68
1.542932396839333,1366.8,3475.68,4206.5
0.21026676794181287,3475.68,4206.5,4564.26
0.08504932842030197,4206.5,4564.26,3544.2
-0.2234885830342707,4564.26,3544.2,2483.04
-0.29940748264770606,3544.2,2483.04,11818.21
3.7595729428442546,2483.04,11818.21,3937.7
-0.6668107945281053,11818.21,3937.7,4984.32
0.26579475328237295,3937.7,4984.32,5406.66
0.08473372496147924,4984.32,5406.66,3491.18
-0.3542815712473135,5406.66,3491.18,2118.54
-0.33847460025470494,2897.47,1916.75,1860.0
-0.029607408373548975,1916.75,1860.0,2624.0
0.410752688172043,1860.0,2624.0,2780.81
0.059759908536585346,2624.0,2780.81,3239.62
0.16499149528374824,2780.81,3239.62,4445.41
0.37220106061822067,3239.62,4445.41,2837.46
-0.36171016846590076,4445.41,2837.46,1942.77
-0.31531369605210297,2837.46,1942.77,2544.12
0.3095322657854506,1942.77,2544.12,2568.24
0.009480684873354989,2544.12,2568.24,2108.0
-0.17920443572251807,2568.24,2108.0,1372.14
-0.34907969639468683,2108.0,1372.14,3540.15
1.5800209891118981,1372.14,3540.15,1958.84
-0.446678813044645,3540.15,1958.84,5242.0
1.6760735945763818,1958.84,5242.0,5156.4400000000005
-0.016322014498283,5242.0,5156.4400000000005,3526.82
-0.3160358697085587,5156.4400000000005,3526.82,4627.92
0.31220759777930257,3526.82,4627.92,1933.5
-0.5822097184048125,4627.92,1933.5,2600.13
0.34477889837083014,1933.5,2600.13,2639.58
0.1662858401977682,3312.97,3863.87,1863.36
-0.5177477503125105,3863.87,1863.36,3945.96
1.1176584234930451,1863.36,3945.96,7716.28
0.9554886516842542,3945.96,7716.28,3989.76
-0.482942557812832,7716.28,3989.76,1649.55
-0.5865540784408084,3989.76,1649.55,2534.75
0.5366312024491529,1649.55,2534.75,2580.25
0.017950488213827793,2534.75,2580.25,2831.54
0.09738978781125858,2580.25,2831.54,3361.2
0.18705721974614517,2831.54,3361.2,2864.32
-0.14782815661073417,3361.2,2864.32,1994.88
-0.3035415037425986,2864.32,1994.88,4296.6
1.1538137632338787,1994.88,4296.6,2224.95
-0.48216031280547417,4296.6,2224.95,8215.24
2.692325670239781,2224.95,8215.24,6254.67
-0.23865036201011774,8215.24,6254.67,3029.19
-0.5156914753296337,6254.67,3029.19,14188.03
3.683770248812389,3029.19,14188.03,1135.31
-0.9199811390305772,14188.03,1135.31,2100.82
0.48835746061395546,2034.35,3027.84,3104.0
0.025153244557176022,3027.84,3104.0,3612.43
0.163798324742268,3104.0,3612.43,2711.88
-0.2492920278039989,3612.43,2711.88,3013.97
0.11139504697847975,2711.88,3013.97,10290.54
2.414280832257787,3013.97,10290.54,3222.0
-0.6868968975389047,10290.54,3222.0,2231.0
-0.30757293606455616,3222.0,2231.0,2296.84
0.029511429852084332,2231.0,2296.84,4157.2
0.8099649953849635,2296.84,4157.2,2146.2
-0.4837390551332628,4157.2,2146.2,3724.23
0.7352669835057312,2146.2,3724.23,2084.81
-0.44020374681477786,3724.23,2084.81,5241.84
1.5143010634062577,2084.81,5241.84,6000.0
0.14463623460464262,5241.84,6000.0,2924.32
-0.5126133333333333,6000.0,2924.32,4496.8
0.5377250095748755,2924.32,4496.8,6397.44
0.42266500622664993,4496.8,6397.44,2577.6
-0.5970888355342137,6397.44,2577.6,3533.62
-0.14076102351052788,3177.3,2730.06,1891.78
-0.3070555225892471,2730.06,1891.78,2612.48
0.3809639598684837,1891.78,2612.48,5865.780000000001
1.2452918299853015,2612.48,5865.780000000001,7855.4
0.3391910368271566,5865.780000000001,7855.4,2927.43
-0.6273353362018483,7855.4,2927.43,2659.54
-0.09151030084408504,2927.43,2659.54,3838.0
0.4431067026628665,2659.54,3838.0,4142.16
0.07924960917144343,3838.0,4142.16,2172.48
-0.475520018541051,4142.16,2172.48,1882.8
-0.13334069818824573,2172.48,1882.8,3477.86
0.8471744210749949,1882.8,3477.86,3323.84
-0.044285853944667115,3477.86,3323.84,12271.130000000001
2.691853398478868,3323.84,12271.130000000001,3442.0299999999997
-0.7195017899737026,12271.130000000001,3442.0299999999997,2701.12
-0.21525378918835683,3442.0299999999997,2701.12,6397.360000000001
1.3684101409785574,2701.12,6397.360000000001,4038.8
-0.3686770792952093,6397.360000000001,4038.8,3070.4
-0.3131852072295175,3763.46,2584.8,4427.6
0.7129371711544413,2584.8,4427.6,2152.02
-0.5139533833227934,4427.6,2152.02,5784.79
1.6880744602745328,2152.02,5784.79,6705.06
0.15908442657382557,5784.79,6705.06,2592.72
-0.6133188964751993,6705.06,2592.72,3246.75
0.2522563176895308,2592.72,3246.75,3372.5
0.03873103873103873,3246.75,3372.5,3909.15
0.15912527798369164,3372.5,3909.15,2994.75
-0.2339127431794636,3909.15,2994.75,4472.52
0.49345354370147776,2994.75,4472.52,4576.95
0.023349252770250187,4472.52,4576.95,2441.04
-0.4666666666666667,4576.95,2441.04,3106.25
0.2725108969947236,2441.04,3106.25,11554.19
2.7196587525150906,3106.25,11554.19,7689.98
-0.3344423105384281,11554.19,7689.98,3856.71
-0.49847593881908664,7689.98,3856.71,5010.8
0.29924210013197783,3856.71,5010.8,7543.75
0.5054981240520475,5010.8,7543.75,2457.18
0.22580645161290339,2038.87,2499.26,3838.05
0.5356745596696622,2499.26,3838.05,2643.99
-0.3111111111111112,3838.05,2643.99,5540.9400000000005
1.0956735842419982,2643.99,5540.9400000000005,8646.32
0.5604428129523148,5540.9400000000005,8646.32,3424.7
-0.603912415917986,8646.32,3424.7,2914.2
-0.1490641516045201,3424.7,2914.2,2389.6
-0.1800150984832887,2914.2,2389.6,2428.48
0.016270505523937107,2389.6,2428.48,3021.48
0.24418566346027146,2428.48,3021.48,2610.72
-0.13594662218515435,3021.48,2610.72,3091.19
0.18403735368021093,2610.72,3091.19,2576.2
-0.16659927083097456,3091.19,2576.2,3232.31
0.25468131356261164,2576.2,3232.31,9313.61
1.8814098895217355,3232.31,9313.61,2185.15
-0.7653809854610619,9313.61,2185.15,2883.53
0.3196027732649933,2185.15,2883.53,6480.57
1.2474432379756755,2883.53,6480.57,2352.59
0.06666038979380486,4460.82,4758.18,4597.2
-0.033832263596585345,4758.18,4597.2,4114.8
-0.1049334377447141,4597.2,4114.8,2104.0
-0.4886750267327695,4114.8,2104.0,3195.27
0.5186644486692015,2104.0,3195.27,7926.1900000000005
1.4806010133728917,3195.27,7926.1900000000005,3871.89
-0.5115067895167792,7926.1900000000005,3871.89,2728.0
-0.29543452939003945,3871.89,2728.0,5614.0
1.0579178885630498,2728.0,5614.0,4628.8
-0.17548984681154253,5614.0,4628.8,3641.4
-0.21331662633944004,4628.8,3641.4,4048.0
0.11166035041467565,3641.4,4048.0,2321.46
-0.42651679841897233,4048.0,2321.46,3256.96
0.40297915966676146,2321.46,3256.96,7181.9
1.2050930929455688,3256.96,7181.9,16457.66
1.2915468051629793,7181.9,16457.66,3761.37
-0.7714517130624889,16457.66,3761.37,4301.34
0.14355673597651927,3761.37,4301.34,1864.56
-0.5665164809106,4301.34,1864.56,7299.120000000001
-0.14283994220581153,3986.56,3417.12,2691.09
-0.2124683944374209,3417.12,2691.09,2752.6
0.022856909282112363,2691.09,2752.6,4527.72
0.6448884690837755,2752.6,4527.72,3957.05
-0.1260391543646692,4527.72,3957.05,2818.0
-0.2878533250780253,3957.05,2818.0,3199.86
0.1355074520936835,2818.0,3199.86,2402.75
-0.24910777346508914,3199.86,2402.75,6055.72
1.5203287899282074,2402.75,6055.72,5465.16
-0.09752102144749103,6055.72,5465.16,6378.72
0.16716070526754942,5465.16,6378.72,5392.8
-0.1545639250507939,6378.72,5392.8,3986.5
-0.2607736240913811,5392.8,3986.5,4009.23
0.005701743383920737,3986.5,4009.23,15285.71
2.8126298566058816,4009.23,15285.71,6488.88
-0.5754937127552465,15285.71,6488.88,1668.25
-0.7429063258990766,6488.88,1668.25,9965.33
4.9735231530046455,1668.25,9965.33,2018.31
-0.7974668174561205,9965.33,2018.31,5642.83
-0.0017106549364613603,3273.6,3268.0,2688.0
-0.17747858017135862,3268.0,2688.0,8323.2
2.0964285714285715,2688.0,8323.2,3131.2
-0.6237985390234526,8323.2,3131.2,2678.4
-0.14460909555441995,3131.2,2678.4,1747.2
-0.34767025089605735,2678.4,1747.2,2944.0
0.684981684981685,1747.2,2944.0,2956.8
0.004347826086956583,2944.0,2956.8,2052.0
-0.30600649350649356,2956.8,2052.0,3164.8
0.542300194931774,2052.0,3164.8,1740.0
-0.4502022244691608,3164.8,1740.0,1777.6
0.0216091954022988,1740.0,1777.6,1831.2
0.03015301530153023,1777.6,1831.2,9365.72
4.114525993883792,1831.2,9365.72,8525.77
-0.089683441315777,9365.72,8525.77,5208.72
-0.3890616331428129,8525.77,5208.72,4921.280000000001
-0.05518438311139773,5208.72,4921.280000000001,7084.0
0.4394629039599452,4921.280000000001,7084.0,2620.8
0.3333080525587303,3164.46,4219.2,3828.3
-0.09264789533560856,4219.2,3828.3,2334.99
-0.39007131102578174,3828.3,2334.99,4407.5
0.8875883836761616,2334.99,4407.5,2812.8
-0.361815087918321,4407.5,2812.8,10435.02
2.70983361774744,2812.8,10435.02,4447.4
-0.5738005293712902,10435.02,4447.4,4187.22
-0.05850159643836835,4447.4,4187.22,4615.68
0.10232564804333186,4187.22,4615.68,3245.4
-0.296875,4615.68,3245.4,2203.75
-0.32096197695199363,3245.4,2203.75,3446.0
0.5636982416335792,2203.75,3446.0,1939.3
-0.4372315728380731,3446.0,1939.3,3473.78
0.7912545763935442,1939.3,3473.78,5555.450000000001
0.5992521115326821,3473.78,5555.450000000001,6210.780000000001
0.11796164127118412,5555.450000000001,6210.780000000001,2397.54
-0.6139711920241903,6210.780000000001,2397.54,3275.56
0.3662170391317767,2397.54,3275.56,9336.240000000002
1.8502729304302172,3275.56,9336.240000000002,3029.04
0.4685585522146329,2556.18,3753.9,2562.3
-0.3174298729321505,3753.9,2562.3,3245.58
0.26666666666666655,2562.3,3245.58,2204.6
-0.3207377417903734,3245.58,2204.6,3003.0
0.36215186428377033,2204.6,3003.0,7541.63
1.5113653013653015,3003.0,7541.63,2818.53
-0.6262704481657149,7541.63,2818.53,2955.54
0.048610445870719755,2818.53,2955.54,2885.05
-0.023850125526976386,2955.54,2885.05,3162.95
0.09632415382748986,2885.05,3162.95,4071.5
0.2872476643639641,3162.95,4071.5,2969.46
-0.270671742601007,4071.5,2969.46,3396.44
0.14379045348312489,2969.46,3396.44,4692.6
0.3816231112576699,3396.44,4692.6,6896.389999999999
0.46963090823850295,4692.6,6896.389999999999,5792.610000000001
-0.16005185321595775,6896.389999999999,5792.610000000001,2854.75
-0.5071737955774686,5792.610000000001,2854.75,4025.6
0.4101409930817059,2854.75,4025.6,6654.12
0.6529511128775835,4025.6,6654.12,2439.99
-0.47790527343749994,2949.12,1539.72,2213.38
0.43752110773387376,1539.72,2213.38,2919.58
0.3190595379013092,2213.38,2919.58,7011.77
1.4016365367621373,2919.58,7011.77,5978.05
-0.14742639875523586,7011.77,5978.05,2953.86
-0.5058823529411764,5978.05,2953.86,3183.29
0.07767125049934656,2953.86,3183.29,2466.7
-0.2251098706055685,3183.29,2466.7,2363.22
-0.04195078444885881,2466.7,2363.22,2487.45
0.052568106227943244,2363.22,2487.45,2249.05
-0.09584112243462166,2487.45,2249.05,2061.12
-0.0835597252173141,2249.05,2061.12,4071.14
0.9752076540909798,2061.12,4071.14,2656.29
-0.34753164961165667,4071.14,2656.29,8978.29
2.38001121865459,2656.29,8978.29,5938.570000000001
-0.33856335671937526,8978.29,5938.570000000001,2502.9
-0.578534899815949,5938.570000000001,2502.9,6946.5599999999995
1.7754045307443365,2502.9,6946.5599999999995,2031.4
-0.7075674866408698,6946.5599999999995,2031.4,2674.17
-0.46620124113475175,2526.72,1348.76,875.91
-0.35058127465227323,1348.76,875.91,1874.05
1.1395463004189927,875.91,1874.05,3339.84
0.782150956484619,1874.05,3339.84,4971.26
0.488472501676727,3339.84,4971.26,2145.12
-0.5684957133603956,4971.26,2145.12,1416.39
-0.33971526068471686,2145.12,1416.39,1843.52
0.3015624227790367,1416.39,1843.52,1199.31
-0.3494456257594168,1843.52,1199.31,1875.2
0.5635657169539153,1199.31,1875.2,2477.23
0.3210484215017065,1875.2,2477.23,948.99
-0.6169148605498884,2477.23,948.99,1823.42
0.9214322595601641,948.99,1823.42,7335.889999999999
3.0231488082833353,1823.42,7335.889999999999,4768.96
-0.3499139163755181,7335.889999999999,4768.96,1624.25
-0.6594121150104006,4768.96,1624.25,5724.98
2.524691396028936,1624.25,5724.98,1122.4
-0.8039469133516625,5724.98,1122.4,2419.62
0.5385699189855583,1419.5,2184.0,2079.04
-0.04805860805860807,2184.0,2079.04,1724.97
-0.1703045636447591,2079.04,1724.97,3003.0
0.740899841736378,1724.97,3003.0,1846.42
-0.3851415251415251,3003.0,1846.42,5922.9
2.2077750457642353,1846.42,5922.9,2682.96
-0.5470191966773034,5922.9,2682.96,2280.24
-0.15010287145540754,2682.96,2280.24,1192.56
-0.47700242079781074,2280.24,1192.56,1506.96
0.26363453411149135,1192.56,1506.96,1472.62
-0.022787598874555493,1506.96,1472.62,1696.82
0.15224565739973656,1472.62,1696.82,1693.56
-0.0019212409094659369,1696.82,1693.56,1921.92
0.1348402182385036,1693.56,1921.92,4310.45
1.2427832584082583,1921.92,4310.45,7290.1
0.6912619332088299,4310.45,7290.1,2244.4
-0.6921304234509815,7290.1,2244.4,3978.51
0.7726385671003386,2244.4,3978.51,7533.73
0.8936058976853142,3978.51,7533.73,3079.44
